2025-07-16 14:22:16,759 [Worker-0: Loading available Gradle versions] INFO  o.e.b.c.i.u.g.PublishedGradleVersions - Gradle version information cache is not available. Remote download required.
2025-07-22 13:05:30,216 [Worker-4: Loading available Gradle versions] INFO  o.e.b.c.i.u.g.PublishedGradleVersions - Gradle version information cache is out-of-date. Trying to update.
2025-07-26 12:32:11,107 [Worker-4: Loading available Gradle versions] INFO  o.e.b.c.i.u.g.PublishedGradleVersions - Gradle version information cache is up-to-date. Trying to read.
2025-09-12 15:06:25,823 [Worker-4: Loading available Gradle versions] INFO  o.e.b.c.i.u.g.PublishedGradleVersions - Gradle version information cache is out-of-date. Trying to update.
2025-12-17 11:50:55,629 [Worker-5: Loading available Gradle versions] INFO  o.e.b.c.i.u.g.PublishedGradleVersions - Gradle version information cache is out-of-date. Trying to update.
2025-12-17 11:51:40,298 [Worker-38: Updating Maven Dependencies] INFO  o.e.m.c.i.l.LifecycleMappingFactory - Using org.eclipse.m2e.jdt.JarLifecycleMapping lifecycle mapping for MavenProject: com.pazzioliweb:web:1.0-SNAPSHOT @ C:\Users\Espinosa Delgado\Documents\JUAN\CAV\pazzioliweb\pazzioli-web-backend\web\pom.xml.
2025-12-17 11:51:40,298 [Worker-20: Building] INFO  o.e.m.c.i.l.LifecycleMappingFactory - Using org.eclipse.m2e.jdt.JarLifecycleMapping lifecycle mapping for MavenProject: com.pazzioliweb:auth:1.0-SNAPSHOT @ C:\Users\Espinosa Delgado\Documents\JUAN\CAV\pazzioliweb\pazzioli-web-backend\auth\pom.xml.
2025-12-17 11:51:59,739 [Worker-20: Building] WARN  o.a.m.s.f.DefaultMavenResourcesFiltering - Using platform encoding (UTF-8 actually) to copy filtered resources, i.e. build is platform dependent!
2025-12-17 11:51:59,740 [Worker-20: Building] INFO  o.a.m.s.f.DefaultMavenResourcesFiltering - skip non existing resourceDirectory C:\Users\Espinosa Delgado\Documents\JUAN\CAV\pazzioliweb\pazzioli-web-backend\auth\src\main\resources
2025-12-17 11:51:59,927 [Worker-20: Building] INFO  o.e.m.c.i.embedder.EclipseLogger - Nothing to compile - all classes are up to date
2025-12-17 11:51:59,932 [Worker-20: Building] WARN  o.a.m.s.f.DefaultMavenResourcesFiltering - Using platform encoding (UTF-8 actually) to copy filtered resources, i.e. build is platform dependent!
2025-12-17 11:51:59,934 [Worker-20: Building] INFO  o.a.m.s.f.DefaultMavenResourcesFiltering - skip non existing resourceDirectory C:\Users\Espinosa Delgado\Documents\JUAN\CAV\pazzioliweb\pazzioli-web-backend\auth\src\test\resources
2025-12-17 11:51:59,959 [Worker-20: Building] WARN  o.apache.maven.project.MavenProject - Direct modification of compileSourceRoots through clear() is deprecated and will not work in Maven 4.0.0. Please use the add/remove methods instead. If you're using a plugin that causes this warning, please upgrade to the latest version and report an issue if the warning persists. To disable these warnings, set -Dmaven.project.sourceRoots.warningsDisabled=true on the command line, in the .mvn/maven.config file, or in project POM properties.
2025-12-17 11:51:59,961 [Worker-20: Building] WARN  o.apache.maven.project.MavenProject - Direct modification of compileSourceRoots through add() is deprecated and will not work in Maven 4.0.0. Please use the add/remove methods instead. If you're using a plugin that causes this warning, please upgrade to the latest version and report an issue if the warning persists. To disable these warnings, set -Dmaven.project.sourceRoots.warningsDisabled=true on the command line, in the .mvn/maven.config file, or in project POM properties.
2025-12-17 11:51:59,962 [Worker-20: Building] WARN  o.apache.maven.project.MavenProject - Direct modification of testCompileSourceRoots through clear() is deprecated and will not work in Maven 4.0.0. Please use the add/remove methods instead. If you're using a plugin that causes this warning, please upgrade to the latest version and report an issue if the warning persists. To disable these warnings, set -Dmaven.project.sourceRoots.warningsDisabled=true on the command line, in the .mvn/maven.config file, or in project POM properties.
2025-12-17 11:51:59,964 [Worker-20: Building] WARN  o.apache.maven.project.MavenProject - Direct modification of testCompileSourceRoots through add() is deprecated and will not work in Maven 4.0.0. Please use the add/remove methods instead. If you're using a plugin that causes this warning, please upgrade to the latest version and report an issue if the warning persists. To disable these warnings, set -Dmaven.project.sourceRoots.warningsDisabled=true on the command line, in the .mvn/maven.config file, or in project POM properties.
2025-12-17 11:51:59,962 [Worker-30: Download sources and javadoc] ERROR o.e.m.j.internal.DownloadSourcesJob - Could not download sources for com.pazzioliweb:common:1.0-SNAPSHOT
org.eclipse.core.runtime.CoreException: Could not resolve artifact com.pazzioliweb:common:jar:sources:1.0-SNAPSHOT
	at org.eclipse.m2e.core.internal.embedder.MavenImpl.lambda$7(MavenImpl.java:540)
	at org.eclipse.m2e.core.internal.embedder.MavenExecutionContext.executeBare(MavenExecutionContext.java:458)
	at org.eclipse.m2e.core.internal.embedder.MavenExecutionContext.execute(MavenExecutionContext.java:292)
	at org.eclipse.m2e.core.internal.embedder.MavenExecutionContext.execute(MavenExecutionContext.java:278)
	at org.eclipse.m2e.core.internal.embedder.MavenImpl.resolve(MavenImpl.java:509)
	at org.eclipse.m2e.core.internal.embedder.MavenImpl.resolve(MavenImpl.java:494)
	at org.eclipse.m2e.jdt.internal.DownloadSourcesJob.download(DownloadSourcesJob.java:308)
	at org.eclipse.m2e.jdt.internal.DownloadSourcesJob.downloadAttachments(DownloadSourcesJob.java:282)
	at org.eclipse.m2e.jdt.internal.DownloadSourcesJob.downloadMaven(DownloadSourcesJob.java:252)
	at org.eclipse.m2e.jdt.internal.DownloadSourcesJob.downloadFilesAndPopulateToUpdate(DownloadSourcesJob.java:220)
	at org.eclipse.m2e.jdt.internal.DownloadSourcesJob.lambda$0(DownloadSourcesJob.java:149)
	at org.eclipse.m2e.core.internal.embedder.MavenExecutionContext.executeBare(MavenExecutionContext.java:458)
	at org.eclipse.m2e.core.internal.embedder.MavenExecutionContext.execute(MavenExecutionContext.java:339)
	at org.eclipse.m2e.core.internal.embedder.MavenExecutionContext.execute(MavenExecutionContext.java:278)
	at org.eclipse.m2e.core.embedder.IMaven.execute(IMaven.java:300)
	at org.eclipse.m2e.jdt.internal.DownloadSourcesJob.run(DownloadSourcesJob.java:149)
	at org.eclipse.core.internal.jobs.Worker.run(Worker.java:63)
2025-12-17 11:51:59,987 [Worker-30: Download sources and javadoc] ERROR o.e.m.j.internal.DownloadSourcesJob - Could not download sources for com.pazzioliweb:empresas:1.0-SNAPSHOT
org.eclipse.core.runtime.CoreException: Could not resolve artifact com.pazzioliweb:empresas:jar:sources:1.0-SNAPSHOT
	at org.eclipse.m2e.core.internal.embedder.MavenImpl.lambda$7(MavenImpl.java:540)
	at org.eclipse.m2e.core.internal.embedder.MavenExecutionContext.executeBare(MavenExecutionContext.java:458)
	at org.eclipse.m2e.core.internal.embedder.MavenExecutionContext.execute(MavenExecutionContext.java:292)
	at org.eclipse.m2e.core.internal.embedder.MavenExecutionContext.execute(MavenExecutionContext.java:278)
	at org.eclipse.m2e.core.internal.embedder.MavenImpl.resolve(MavenImpl.java:509)
	at org.eclipse.m2e.core.internal.embedder.MavenImpl.resolve(MavenImpl.java:494)
	at org.eclipse.m2e.jdt.internal.DownloadSourcesJob.download(DownloadSourcesJob.java:308)
	at org.eclipse.m2e.jdt.internal.DownloadSourcesJob.downloadAttachments(DownloadSourcesJob.java:282)
	at org.eclipse.m2e.jdt.internal.DownloadSourcesJob.downloadMaven(DownloadSourcesJob.java:252)
	at org.eclipse.m2e.jdt.internal.DownloadSourcesJob.downloadFilesAndPopulateToUpdate(DownloadSourcesJob.java:220)
	at org.eclipse.m2e.jdt.internal.DownloadSourcesJob.lambda$0(DownloadSourcesJob.java:149)
	at org.eclipse.m2e.core.internal.embedder.MavenExecutionContext.executeBare(MavenExecutionContext.java:458)
	at org.eclipse.m2e.core.internal.embedder.MavenExecutionContext.execute(MavenExecutionContext.java:339)
	at org.eclipse.m2e.core.internal.embedder.MavenExecutionContext.execute(MavenExecutionContext.java:278)
	at org.eclipse.m2e.core.embedder.IMaven.execute(IMaven.java:300)
	at org.eclipse.m2e.jdt.internal.DownloadSourcesJob.run(DownloadSourcesJob.java:149)
	at org.eclipse.core.internal.jobs.Worker.run(Worker.java:63)
2025-12-17 11:52:00,002 [Worker-30: Download sources and javadoc] ERROR o.e.m.j.internal.DownloadSourcesJob - Could not download sources for com.pazzioliweb:usuarios:1.0-SNAPSHOT
org.eclipse.core.runtime.CoreException: Could not resolve artifact com.pazzioliweb:usuarios:jar:sources:1.0-SNAPSHOT
	at org.eclipse.m2e.core.internal.embedder.MavenImpl.lambda$7(MavenImpl.java:540)
	at org.eclipse.m2e.core.internal.embedder.MavenExecutionContext.executeBare(MavenExecutionContext.java:458)
	at org.eclipse.m2e.core.internal.embedder.MavenExecutionContext.execute(MavenExecutionContext.java:292)
	at org.eclipse.m2e.core.internal.embedder.MavenExecutionContext.execute(MavenExecutionContext.java:278)
	at org.eclipse.m2e.core.internal.embedder.MavenImpl.resolve(MavenImpl.java:509)
	at org.eclipse.m2e.core.internal.embedder.MavenImpl.resolve(MavenImpl.java:494)
	at org.eclipse.m2e.jdt.internal.DownloadSourcesJob.download(DownloadSourcesJob.java:308)
	at org.eclipse.m2e.jdt.internal.DownloadSourcesJob.downloadAttachments(DownloadSourcesJob.java:282)
	at org.eclipse.m2e.jdt.internal.DownloadSourcesJob.downloadMaven(DownloadSourcesJob.java:252)
	at org.eclipse.m2e.jdt.internal.DownloadSourcesJob.downloadFilesAndPopulateToUpdate(DownloadSourcesJob.java:220)
	at org.eclipse.m2e.jdt.internal.DownloadSourcesJob.lambda$0(DownloadSourcesJob.java:149)
	at org.eclipse.m2e.core.internal.embedder.MavenExecutionContext.executeBare(MavenExecutionContext.java:458)
	at org.eclipse.m2e.core.internal.embedder.MavenExecutionContext.execute(MavenExecutionContext.java:339)
	at org.eclipse.m2e.core.internal.embedder.MavenExecutionContext.execute(MavenExecutionContext.java:278)
	at org.eclipse.m2e.core.embedder.IMaven.execute(IMaven.java:300)
	at org.eclipse.m2e.jdt.internal.DownloadSourcesJob.run(DownloadSourcesJob.java:149)
	at org.eclipse.core.internal.jobs.Worker.run(Worker.java:63)
2025-12-17 11:52:02,064 [Worker-34: Updating Maven Dependencies] INFO  o.e.m.c.i.l.LifecycleMappingFactory - Using org.eclipse.m2e.jdt.JarLifecycleMapping lifecycle mapping for MavenProject: com.pazzioliweb:web:1.0-SNAPSHOT @ C:\Users\Espinosa Delgado\Documents\JUAN\CAV\pazzioliweb\pazzioli-web-backend\web\pom.xml.
2025-12-17 11:52:03,312 [Worker-34: Updating Maven Dependencies] INFO  o.e.m.c.i.p.WorkspaceClassifierResolverManager - Resolving P/auth: com.pazzioliweb:auth:1.0-SNAPSHOT with classifier  to /auth/target/classes
2025-12-17 11:52:03,333 [Worker-25: Building] WARN  o.a.m.s.f.DefaultMavenResourcesFiltering - Using platform encoding (UTF-8 actually) to copy filtered resources, i.e. build is platform dependent!
2025-12-17 11:52:03,336 [Worker-25: Building] INFO  o.a.m.s.f.DefaultMavenResourcesFiltering - skip non existing resourceDirectory C:\Users\Espinosa Delgado\Documents\JUAN\CAV\pazzioliweb\pazzioli-web-backend\auth\src\main\resources
2025-12-17 11:52:03,380 [Worker-25: Building] INFO  o.e.m.c.i.embedder.EclipseLogger - Nothing to compile - all classes are up to date
2025-12-17 11:52:03,387 [Worker-25: Building] WARN  o.a.m.s.f.DefaultMavenResourcesFiltering - Using platform encoding (UTF-8 actually) to copy filtered resources, i.e. build is platform dependent!
2025-12-17 11:52:03,388 [Worker-25: Building] INFO  o.a.m.s.f.DefaultMavenResourcesFiltering - skip non existing resourceDirectory C:\Users\Espinosa Delgado\Documents\JUAN\CAV\pazzioliweb\pazzioli-web-backend\auth\src\test\resources
2025-12-17 11:52:03,427 [Worker-25: Building] WARN  o.apache.maven.project.MavenProject - Direct modification of compileSourceRoots through clear() is deprecated and will not work in Maven 4.0.0. Please use the add/remove methods instead. If you're using a plugin that causes this warning, please upgrade to the latest version and report an issue if the warning persists. To disable these warnings, set -Dmaven.project.sourceRoots.warningsDisabled=true on the command line, in the .mvn/maven.config file, or in project POM properties.
2025-12-17 11:52:03,432 [Worker-25: Building] WARN  o.apache.maven.project.MavenProject - Direct modification of compileSourceRoots through add() is deprecated and will not work in Maven 4.0.0. Please use the add/remove methods instead. If you're using a plugin that causes this warning, please upgrade to the latest version and report an issue if the warning persists. To disable these warnings, set -Dmaven.project.sourceRoots.warningsDisabled=true on the command line, in the .mvn/maven.config file, or in project POM properties.
2025-12-17 11:52:03,434 [Worker-25: Building] WARN  o.apache.maven.project.MavenProject - Direct modification of testCompileSourceRoots through clear() is deprecated and will not work in Maven 4.0.0. Please use the add/remove methods instead. If you're using a plugin that causes this warning, please upgrade to the latest version and report an issue if the warning persists. To disable these warnings, set -Dmaven.project.sourceRoots.warningsDisabled=true on the command line, in the .mvn/maven.config file, or in project POM properties.
2025-12-17 11:52:03,436 [Worker-25: Building] WARN  o.apache.maven.project.MavenProject - Direct modification of testCompileSourceRoots through add() is deprecated and will not work in Maven 4.0.0. Please use the add/remove methods instead. If you're using a plugin that causes this warning, please upgrade to the latest version and report an issue if the warning persists. To disable these warnings, set -Dmaven.project.sourceRoots.warningsDisabled=true on the command line, in the .mvn/maven.config file, or in project POM properties.
2025-12-17 11:52:06,059 [Worker-20: Download sources and javadoc] ERROR o.e.m.j.internal.DownloadSourcesJob - Could not download javadoc for com.pazzioliweb:usuarios:1.0-SNAPSHOT
org.eclipse.core.runtime.CoreException: Could not resolve artifact com.pazzioliweb:usuarios:jar:javadoc:1.0-SNAPSHOT
	at org.eclipse.m2e.core.internal.embedder.MavenImpl.lambda$7(MavenImpl.java:540)
	at org.eclipse.m2e.core.internal.embedder.MavenExecutionContext.executeBare(MavenExecutionContext.java:458)
	at org.eclipse.m2e.core.internal.embedder.MavenExecutionContext.execute(MavenExecutionContext.java:292)
	at org.eclipse.m2e.core.internal.embedder.MavenExecutionContext.execute(MavenExecutionContext.java:278)
	at org.eclipse.m2e.core.internal.embedder.MavenImpl.resolve(MavenImpl.java:509)
	at org.eclipse.m2e.core.internal.embedder.MavenImpl.resolve(MavenImpl.java:494)
	at org.eclipse.m2e.jdt.internal.DownloadSourcesJob.download(DownloadSourcesJob.java:308)
	at org.eclipse.m2e.jdt.internal.DownloadSourcesJob.downloadAttachments(DownloadSourcesJob.java:294)
	at org.eclipse.m2e.jdt.internal.DownloadSourcesJob.downloadMaven(DownloadSourcesJob.java:252)
	at org.eclipse.m2e.jdt.internal.DownloadSourcesJob.downloadFilesAndPopulateToUpdate(DownloadSourcesJob.java:220)
	at org.eclipse.m2e.jdt.internal.DownloadSourcesJob.lambda$0(DownloadSourcesJob.java:149)
	at org.eclipse.m2e.core.internal.embedder.MavenExecutionContext.executeBare(MavenExecutionContext.java:458)
	at org.eclipse.m2e.core.internal.embedder.MavenExecutionContext.execute(MavenExecutionContext.java:339)
	at org.eclipse.m2e.core.internal.embedder.MavenExecutionContext.execute(MavenExecutionContext.java:278)
	at org.eclipse.m2e.core.embedder.IMaven.execute(IMaven.java:300)
	at org.eclipse.m2e.jdt.internal.DownloadSourcesJob.run(DownloadSourcesJob.java:149)
	at org.eclipse.core.internal.jobs.Worker.run(Worker.java:63)
2025-12-17 11:52:06,072 [Worker-20: Download sources and javadoc] ERROR o.e.m.j.internal.DownloadSourcesJob - Could not download javadoc for com.pazzioliweb:common:1.0-SNAPSHOT
org.eclipse.core.runtime.CoreException: Could not resolve artifact com.pazzioliweb:common:jar:javadoc:1.0-SNAPSHOT
	at org.eclipse.m2e.core.internal.embedder.MavenImpl.lambda$7(MavenImpl.java:540)
	at org.eclipse.m2e.core.internal.embedder.MavenExecutionContext.executeBare(MavenExecutionContext.java:458)
	at org.eclipse.m2e.core.internal.embedder.MavenExecutionContext.execute(MavenExecutionContext.java:292)
	at org.eclipse.m2e.core.internal.embedder.MavenExecutionContext.execute(MavenExecutionContext.java:278)
	at org.eclipse.m2e.core.internal.embedder.MavenImpl.resolve(MavenImpl.java:509)
	at org.eclipse.m2e.core.internal.embedder.MavenImpl.resolve(MavenImpl.java:494)
	at org.eclipse.m2e.jdt.internal.DownloadSourcesJob.download(DownloadSourcesJob.java:308)
	at org.eclipse.m2e.jdt.internal.DownloadSourcesJob.downloadAttachments(DownloadSourcesJob.java:294)
	at org.eclipse.m2e.jdt.internal.DownloadSourcesJob.downloadMaven(DownloadSourcesJob.java:252)
	at org.eclipse.m2e.jdt.internal.DownloadSourcesJob.downloadFilesAndPopulateToUpdate(DownloadSourcesJob.java:220)
	at org.eclipse.m2e.jdt.internal.DownloadSourcesJob.lambda$0(DownloadSourcesJob.java:149)
	at org.eclipse.m2e.core.internal.embedder.MavenExecutionContext.executeBare(MavenExecutionContext.java:458)
	at org.eclipse.m2e.core.internal.embedder.MavenExecutionContext.execute(MavenExecutionContext.java:339)
	at org.eclipse.m2e.core.internal.embedder.MavenExecutionContext.execute(MavenExecutionContext.java:278)
	at org.eclipse.m2e.core.embedder.IMaven.execute(IMaven.java:300)
	at org.eclipse.m2e.jdt.internal.DownloadSourcesJob.run(DownloadSourcesJob.java:149)
	at org.eclipse.core.internal.jobs.Worker.run(Worker.java:63)
2025-12-17 11:52:06,090 [Worker-20: Download sources and javadoc] ERROR o.e.m.j.internal.DownloadSourcesJob - Could not download javadoc for com.pazzioliweb:empresas:1.0-SNAPSHOT
org.eclipse.core.runtime.CoreException: Could not resolve artifact com.pazzioliweb:empresas:jar:javadoc:1.0-SNAPSHOT
	at org.eclipse.m2e.core.internal.embedder.MavenImpl.lambda$7(MavenImpl.java:540)
	at org.eclipse.m2e.core.internal.embedder.MavenExecutionContext.executeBare(MavenExecutionContext.java:458)
	at org.eclipse.m2e.core.internal.embedder.MavenExecutionContext.execute(MavenExecutionContext.java:292)
	at org.eclipse.m2e.core.internal.embedder.MavenExecutionContext.execute(MavenExecutionContext.java:278)
	at org.eclipse.m2e.core.internal.embedder.MavenImpl.resolve(MavenImpl.java:509)
	at org.eclipse.m2e.core.internal.embedder.MavenImpl.resolve(MavenImpl.java:494)
	at org.eclipse.m2e.jdt.internal.DownloadSourcesJob.download(DownloadSourcesJob.java:308)
	at org.eclipse.m2e.jdt.internal.DownloadSourcesJob.downloadAttachments(DownloadSourcesJob.java:294)
	at org.eclipse.m2e.jdt.internal.DownloadSourcesJob.downloadMaven(DownloadSourcesJob.java:252)
	at org.eclipse.m2e.jdt.internal.DownloadSourcesJob.downloadFilesAndPopulateToUpdate(DownloadSourcesJob.java:220)
	at org.eclipse.m2e.jdt.internal.DownloadSourcesJob.lambda$0(DownloadSourcesJob.java:149)
	at org.eclipse.m2e.core.internal.embedder.MavenExecutionContext.executeBare(MavenExecutionContext.java:458)
	at org.eclipse.m2e.core.internal.embedder.MavenExecutionContext.execute(MavenExecutionContext.java:339)
	at org.eclipse.m2e.core.internal.embedder.MavenExecutionContext.execute(MavenExecutionContext.java:278)
	at org.eclipse.m2e.core.embedder.IMaven.execute(IMaven.java:300)
	at org.eclipse.m2e.jdt.internal.DownloadSourcesJob.run(DownloadSourcesJob.java:149)
	at org.eclipse.core.internal.jobs.Worker.run(Worker.java:63)
2025-12-17 11:52:06,104 [Worker-20: Download sources and javadoc] ERROR o.e.m.j.internal.DownloadSourcesJob - Could not download sources for com.pazzioliweb:comprobantesmodule:1.0-SNAPSHOT
org.eclipse.core.runtime.CoreException: Could not resolve artifact com.pazzioliweb:comprobantesmodule:jar:sources:1.0-SNAPSHOT
	at org.eclipse.m2e.core.internal.embedder.MavenImpl.lambda$7(MavenImpl.java:540)
	at org.eclipse.m2e.core.internal.embedder.MavenExecutionContext.executeBare(MavenExecutionContext.java:458)
	at org.eclipse.m2e.core.internal.embedder.MavenExecutionContext.execute(MavenExecutionContext.java:292)
	at org.eclipse.m2e.core.internal.embedder.MavenExecutionContext.execute(MavenExecutionContext.java:278)
	at org.eclipse.m2e.core.internal.embedder.MavenImpl.resolve(MavenImpl.java:509)
	at org.eclipse.m2e.core.internal.embedder.MavenImpl.resolve(MavenImpl.java:494)
	at org.eclipse.m2e.jdt.internal.DownloadSourcesJob.download(DownloadSourcesJob.java:308)
	at org.eclipse.m2e.jdt.internal.DownloadSourcesJob.downloadAttachments(DownloadSourcesJob.java:282)
	at org.eclipse.m2e.jdt.internal.DownloadSourcesJob.downloadMaven(DownloadSourcesJob.java:252)
	at org.eclipse.m2e.jdt.internal.DownloadSourcesJob.downloadFilesAndPopulateToUpdate(DownloadSourcesJob.java:220)
	at org.eclipse.m2e.jdt.internal.DownloadSourcesJob.lambda$0(DownloadSourcesJob.java:149)
	at org.eclipse.m2e.core.internal.embedder.MavenExecutionContext.executeBare(MavenExecutionContext.java:458)
	at org.eclipse.m2e.core.internal.embedder.MavenExecutionContext.execute(MavenExecutionContext.java:339)
	at org.eclipse.m2e.core.internal.embedder.MavenExecutionContext.execute(MavenExecutionContext.java:278)
	at org.eclipse.m2e.core.embedder.IMaven.execute(IMaven.java:300)
	at org.eclipse.m2e.jdt.internal.DownloadSourcesJob.run(DownloadSourcesJob.java:149)
	at org.eclipse.core.internal.jobs.Worker.run(Worker.java:63)
2025-12-17 11:52:06,121 [Worker-20: Download sources and javadoc] ERROR o.e.m.j.internal.DownloadSourcesJob - Could not download javadoc for com.pazzioliweb:metodospagomodule:1.0-SNAPSHOT
org.eclipse.core.runtime.CoreException: Could not resolve artifact com.pazzioliweb:metodospagomodule:jar:javadoc:1.0-SNAPSHOT
	at org.eclipse.m2e.core.internal.embedder.MavenImpl.lambda$7(MavenImpl.java:540)
	at org.eclipse.m2e.core.internal.embedder.MavenExecutionContext.executeBare(MavenExecutionContext.java:458)
	at org.eclipse.m2e.core.internal.embedder.MavenExecutionContext.execute(MavenExecutionContext.java:292)
	at org.eclipse.m2e.core.internal.embedder.MavenExecutionContext.execute(MavenExecutionContext.java:278)
	at org.eclipse.m2e.core.internal.embedder.MavenImpl.resolve(MavenImpl.java:509)
	at org.eclipse.m2e.core.internal.embedder.MavenImpl.resolve(MavenImpl.java:494)
	at org.eclipse.m2e.jdt.internal.DownloadSourcesJob.download(DownloadSourcesJob.java:308)
	at org.eclipse.m2e.jdt.internal.DownloadSourcesJob.downloadAttachments(DownloadSourcesJob.java:294)
	at org.eclipse.m2e.jdt.internal.DownloadSourcesJob.downloadMaven(DownloadSourcesJob.java:252)
	at org.eclipse.m2e.jdt.internal.DownloadSourcesJob.downloadFilesAndPopulateToUpdate(DownloadSourcesJob.java:220)
	at org.eclipse.m2e.jdt.internal.DownloadSourcesJob.lambda$0(DownloadSourcesJob.java:149)
	at org.eclipse.m2e.core.internal.embedder.MavenExecutionContext.executeBare(MavenExecutionContext.java:458)
	at org.eclipse.m2e.core.internal.embedder.MavenExecutionContext.execute(MavenExecutionContext.java:339)
	at org.eclipse.m2e.core.internal.embedder.MavenExecutionContext.execute(MavenExecutionContext.java:278)
	at org.eclipse.m2e.core.embedder.IMaven.execute(IMaven.java:300)
	at org.eclipse.m2e.jdt.internal.DownloadSourcesJob.run(DownloadSourcesJob.java:149)
	at org.eclipse.core.internal.jobs.Worker.run(Worker.java:63)
2025-12-17 11:52:15,007 [Worker-13: Building] INFO  o.e.m.c.i.l.LifecycleMappingFactory - Using org.eclipse.m2e.jdt.JarLifecycleMapping lifecycle mapping for MavenProject: com.pazzioliweb:cajasmodule:1.0-SNAPSHOT @ C:\Users\Espinosa Delgado\Documents\JUAN\CAV\pazzioliweb\pazzioli-web-backend\cajasmodule\pom.xml.
2025-12-17 11:52:16,806 [Worker-13: Building] INFO  o.e.m.c.i.l.LifecycleMappingFactory - Using org.eclipse.m2e.jdt.JarLifecycleMapping lifecycle mapping for MavenProject: com.pazzioliweb:web:1.0-SNAPSHOT @ C:\Users\Espinosa Delgado\Documents\JUAN\CAV\pazzioliweb\pazzioli-web-backend\web\pom.xml.
2025-12-17 11:52:16,921 [Worker-13: Building] INFO  o.e.m.c.i.p.WorkspaceClassifierResolverManager - Resolving P/auth: com.pazzioliweb:auth:1.0-SNAPSHOT with classifier  to /auth/target/classes
2025-12-17 11:52:16,955 [Worker-13: Building] INFO  o.e.m.c.i.p.WorkspaceClassifierResolverManager - Resolving P/cajasmodule: com.pazzioliweb:cajasmodule:1.0-SNAPSHOT with classifier  to /cajasmodule/target/classes
2025-12-17 11:52:18,139 [Worker-13: Building] WARN  o.a.m.s.f.DefaultMavenResourcesFiltering - Using platform encoding (UTF-8 actually) to copy filtered resources, i.e. build is platform dependent!
2025-12-17 11:52:18,167 [Worker-13: Building] INFO  o.a.m.s.f.DefaultMavenResourcesFiltering - Copying 0 resource from src\main\resources to target\classes
2025-12-17 11:52:18,177 [Worker-13: Building] WARN  o.a.m.s.f.DefaultMavenResourcesFiltering - Using platform encoding (UTF-8 actually) to copy filtered resources, i.e. build is platform dependent!
2025-12-17 11:52:18,180 [Worker-13: Building] INFO  o.a.m.s.f.DefaultMavenResourcesFiltering - Copying 0 resource from src\test\resources to target\test-classes
2025-12-17 11:52:18,212 [Worker-13: Building] WARN  o.apache.maven.project.MavenProject - Direct modification of compileSourceRoots through clear() is deprecated and will not work in Maven 4.0.0. Please use the add/remove methods instead. If you're using a plugin that causes this warning, please upgrade to the latest version and report an issue if the warning persists. To disable these warnings, set -Dmaven.project.sourceRoots.warningsDisabled=true on the command line, in the .mvn/maven.config file, or in project POM properties.
2025-12-17 11:52:18,214 [Worker-13: Building] WARN  o.apache.maven.project.MavenProject - Direct modification of compileSourceRoots through add() is deprecated and will not work in Maven 4.0.0. Please use the add/remove methods instead. If you're using a plugin that causes this warning, please upgrade to the latest version and report an issue if the warning persists. To disable these warnings, set -Dmaven.project.sourceRoots.warningsDisabled=true on the command line, in the .mvn/maven.config file, or in project POM properties.
2025-12-17 11:52:18,216 [Worker-13: Building] WARN  o.apache.maven.project.MavenProject - Direct modification of testCompileSourceRoots through clear() is deprecated and will not work in Maven 4.0.0. Please use the add/remove methods instead. If you're using a plugin that causes this warning, please upgrade to the latest version and report an issue if the warning persists. To disable these warnings, set -Dmaven.project.sourceRoots.warningsDisabled=true on the command line, in the .mvn/maven.config file, or in project POM properties.
2025-12-17 11:52:18,218 [Worker-13: Building] WARN  o.apache.maven.project.MavenProject - Direct modification of testCompileSourceRoots through add() is deprecated and will not work in Maven 4.0.0. Please use the add/remove methods instead. If you're using a plugin that causes this warning, please upgrade to the latest version and report an issue if the warning persists. To disable these warnings, set -Dmaven.project.sourceRoots.warningsDisabled=true on the command line, in the .mvn/maven.config file, or in project POM properties.
2025-12-17 11:52:18,313 [Worker-9: Download sources and javadoc] ERROR o.e.m.j.internal.DownloadSourcesJob - Could not download javadoc for com.pazzioliweb:comprobantesmodule:1.0-SNAPSHOT
org.eclipse.core.runtime.CoreException: Could not resolve artifact com.pazzioliweb:comprobantesmodule:jar:javadoc:1.0-SNAPSHOT
	at org.eclipse.m2e.core.internal.embedder.MavenImpl.lambda$7(MavenImpl.java:540)
	at org.eclipse.m2e.core.internal.embedder.MavenExecutionContext.executeBare(MavenExecutionContext.java:458)
	at org.eclipse.m2e.core.internal.embedder.MavenExecutionContext.execute(MavenExecutionContext.java:292)
	at org.eclipse.m2e.core.internal.embedder.MavenExecutionContext.execute(MavenExecutionContext.java:278)
	at org.eclipse.m2e.core.internal.embedder.MavenImpl.resolve(MavenImpl.java:509)
	at org.eclipse.m2e.core.internal.embedder.MavenImpl.resolve(MavenImpl.java:494)
	at org.eclipse.m2e.jdt.internal.DownloadSourcesJob.download(DownloadSourcesJob.java:308)
	at org.eclipse.m2e.jdt.internal.DownloadSourcesJob.downloadAttachments(DownloadSourcesJob.java:294)
	at org.eclipse.m2e.jdt.internal.DownloadSourcesJob.downloadMaven(DownloadSourcesJob.java:252)
	at org.eclipse.m2e.jdt.internal.DownloadSourcesJob.downloadFilesAndPopulateToUpdate(DownloadSourcesJob.java:220)
	at org.eclipse.m2e.jdt.internal.DownloadSourcesJob.lambda$0(DownloadSourcesJob.java:149)
	at org.eclipse.m2e.core.internal.embedder.MavenExecutionContext.executeBare(MavenExecutionContext.java:458)
	at org.eclipse.m2e.core.internal.embedder.MavenExecutionContext.execute(MavenExecutionContext.java:339)
	at org.eclipse.m2e.core.internal.embedder.MavenExecutionContext.execute(MavenExecutionContext.java:278)
	at org.eclipse.m2e.core.embedder.IMaven.execute(IMaven.java:300)
	at org.eclipse.m2e.jdt.internal.DownloadSourcesJob.run(DownloadSourcesJob.java:149)
	at org.eclipse.core.internal.jobs.Worker.run(Worker.java:63)
2025-12-17 11:52:20,193 [Worker-36: Building] WARN  o.a.m.s.f.DefaultMavenResourcesFiltering - Using platform encoding (UTF-8 actually) to copy filtered resources, i.e. build is platform dependent!
2025-12-17 11:52:20,198 [Worker-36: Building] INFO  o.a.m.s.f.DefaultMavenResourcesFiltering - Copying 0 resource from src\main\resources to target\classes
2025-12-17 11:52:20,205 [Worker-36: Building] WARN  o.a.m.s.f.DefaultMavenResourcesFiltering - Using platform encoding (UTF-8 actually) to copy filtered resources, i.e. build is platform dependent!
2025-12-17 11:52:20,207 [Worker-36: Building] INFO  o.a.m.s.f.DefaultMavenResourcesFiltering - Copying 0 resource from src\test\resources to target\test-classes
2025-12-17 11:52:20,240 [Worker-36: Building] WARN  o.apache.maven.project.MavenProject - Direct modification of compileSourceRoots through clear() is deprecated and will not work in Maven 4.0.0. Please use the add/remove methods instead. If you're using a plugin that causes this warning, please upgrade to the latest version and report an issue if the warning persists. To disable these warnings, set -Dmaven.project.sourceRoots.warningsDisabled=true on the command line, in the .mvn/maven.config file, or in project POM properties.
2025-12-17 11:52:20,240 [Worker-36: Building] WARN  o.apache.maven.project.MavenProject - Direct modification of compileSourceRoots through add() is deprecated and will not work in Maven 4.0.0. Please use the add/remove methods instead. If you're using a plugin that causes this warning, please upgrade to the latest version and report an issue if the warning persists. To disable these warnings, set -Dmaven.project.sourceRoots.warningsDisabled=true on the command line, in the .mvn/maven.config file, or in project POM properties.
2025-12-17 11:52:20,242 [Worker-36: Building] WARN  o.apache.maven.project.MavenProject - Direct modification of testCompileSourceRoots through clear() is deprecated and will not work in Maven 4.0.0. Please use the add/remove methods instead. If you're using a plugin that causes this warning, please upgrade to the latest version and report an issue if the warning persists. To disable these warnings, set -Dmaven.project.sourceRoots.warningsDisabled=true on the command line, in the .mvn/maven.config file, or in project POM properties.
2025-12-17 11:52:20,245 [Worker-36: Building] WARN  o.apache.maven.project.MavenProject - Direct modification of testCompileSourceRoots through add() is deprecated and will not work in Maven 4.0.0. Please use the add/remove methods instead. If you're using a plugin that causes this warning, please upgrade to the latest version and report an issue if the warning persists. To disable these warnings, set -Dmaven.project.sourceRoots.warningsDisabled=true on the command line, in the .mvn/maven.config file, or in project POM properties.
2025-12-17 11:52:21,343 [Worker-36: Building] INFO  o.e.m.c.i.l.LifecycleMappingFactory - Using org.eclipse.m2e.jdt.JarLifecycleMapping lifecycle mapping for MavenProject: com.pazzioliweb:common:1.0-SNAPSHOT @ C:\Users\Espinosa Delgado\Documents\JUAN\CAV\pazzioliweb\pazzioli-web-backend\common\pom.xml.
2025-12-17 11:52:22,541 [Worker-36: Building] INFO  o.e.m.c.i.l.LifecycleMappingFactory - Using org.eclipse.m2e.jdt.JarLifecycleMapping lifecycle mapping for MavenProject: com.pazzioliweb:auth:1.0-SNAPSHOT @ C:\Users\Espinosa Delgado\Documents\JUAN\CAV\pazzioliweb\pazzioli-web-backend\auth\pom.xml.
2025-12-17 11:52:22,714 [Worker-36: Building] INFO  o.e.m.c.i.p.WorkspaceClassifierResolverManager - Resolving P/common: com.pazzioliweb:common:1.0-SNAPSHOT with classifier  to /common/target/classes
2025-12-17 11:52:23,191 [Worker-36: Building] INFO  o.e.m.c.i.l.LifecycleMappingFactory - Using org.eclipse.m2e.jdt.JarLifecycleMapping lifecycle mapping for MavenProject: com.pazzioliweb:cajasmodule:1.0-SNAPSHOT @ C:\Users\Espinosa Delgado\Documents\JUAN\CAV\pazzioliweb\pazzioli-web-backend\cajasmodule\pom.xml.
2025-12-17 11:52:23,213 [Worker-36: Building] INFO  o.e.m.c.i.p.WorkspaceClassifierResolverManager - Resolving P/common: com.pazzioliweb:common:1.0-SNAPSHOT with classifier  to /common/target/classes
2025-12-17 11:52:23,710 [Worker-36: Building] INFO  o.e.m.c.i.l.LifecycleMappingFactory - Using org.eclipse.m2e.jdt.JarLifecycleMapping lifecycle mapping for MavenProject: com.pazzioliweb:web:1.0-SNAPSHOT @ C:\Users\Espinosa Delgado\Documents\JUAN\CAV\pazzioliweb\pazzioli-web-backend\web\pom.xml.
2025-12-17 11:52:23,765 [Worker-36: Building] INFO  o.e.m.c.i.p.WorkspaceClassifierResolverManager - Resolving P/auth: com.pazzioliweb:auth:1.0-SNAPSHOT with classifier  to /auth/target/classes
2025-12-17 11:52:23,771 [Worker-36: Building] INFO  o.e.m.c.i.p.WorkspaceClassifierResolverManager - Resolving P/common: com.pazzioliweb:common:1.0-SNAPSHOT with classifier  to /common/target/classes
2025-12-17 11:52:23,796 [Worker-36: Building] INFO  o.e.m.c.i.p.WorkspaceClassifierResolverManager - Resolving P/cajasmodule: com.pazzioliweb:cajasmodule:1.0-SNAPSHOT with classifier  to /cajasmodule/target/classes
2025-12-17 11:52:24,661 [Worker-36: Building] WARN  o.a.m.s.f.DefaultMavenResourcesFiltering - Using platform encoding (UTF-8 actually) to copy filtered resources, i.e. build is platform dependent!
2025-12-17 11:52:24,662 [Worker-36: Building] INFO  o.a.m.s.f.DefaultMavenResourcesFiltering - skip non existing resourceDirectory C:\Users\Espinosa Delgado\Documents\JUAN\CAV\pazzioliweb\pazzioli-web-backend\common\src\main\resources
2025-12-17 11:52:24,665 [Worker-36: Building] WARN  o.a.m.s.f.DefaultMavenResourcesFiltering - Using platform encoding (UTF-8 actually) to copy filtered resources, i.e. build is platform dependent!
2025-12-17 11:52:24,667 [Worker-36: Building] INFO  o.a.m.s.f.DefaultMavenResourcesFiltering - skip non existing resourceDirectory C:\Users\Espinosa Delgado\Documents\JUAN\CAV\pazzioliweb\pazzioli-web-backend\common\src\test\resources
2025-12-17 11:52:24,683 [Worker-36: Building] WARN  o.apache.maven.project.MavenProject - Direct modification of compileSourceRoots through clear() is deprecated and will not work in Maven 4.0.0. Please use the add/remove methods instead. If you're using a plugin that causes this warning, please upgrade to the latest version and report an issue if the warning persists. To disable these warnings, set -Dmaven.project.sourceRoots.warningsDisabled=true on the command line, in the .mvn/maven.config file, or in project POM properties.
2025-12-17 11:52:24,685 [Worker-36: Building] WARN  o.apache.maven.project.MavenProject - Direct modification of compileSourceRoots through add() is deprecated and will not work in Maven 4.0.0. Please use the add/remove methods instead. If you're using a plugin that causes this warning, please upgrade to the latest version and report an issue if the warning persists. To disable these warnings, set -Dmaven.project.sourceRoots.warningsDisabled=true on the command line, in the .mvn/maven.config file, or in project POM properties.
2025-12-17 11:52:24,686 [Worker-36: Building] WARN  o.apache.maven.project.MavenProject - Direct modification of testCompileSourceRoots through clear() is deprecated and will not work in Maven 4.0.0. Please use the add/remove methods instead. If you're using a plugin that causes this warning, please upgrade to the latest version and report an issue if the warning persists. To disable these warnings, set -Dmaven.project.sourceRoots.warningsDisabled=true on the command line, in the .mvn/maven.config file, or in project POM properties.
2025-12-17 11:52:24,687 [Worker-36: Building] WARN  o.apache.maven.project.MavenProject - Direct modification of testCompileSourceRoots through add() is deprecated and will not work in Maven 4.0.0. Please use the add/remove methods instead. If you're using a plugin that causes this warning, please upgrade to the latest version and report an issue if the warning persists. To disable these warnings, set -Dmaven.project.sourceRoots.warningsDisabled=true on the command line, in the .mvn/maven.config file, or in project POM properties.
2025-12-17 11:52:26,248 [Worker-15: Building] WARN  o.a.m.s.f.DefaultMavenResourcesFiltering - Using platform encoding (UTF-8 actually) to copy filtered resources, i.e. build is platform dependent!
2025-12-17 11:52:26,251 [Worker-15: Building] INFO  o.a.m.s.f.DefaultMavenResourcesFiltering - skip non existing resourceDirectory C:\Users\Espinosa Delgado\Documents\JUAN\CAV\pazzioliweb\pazzioli-web-backend\auth\src\main\resources
2025-12-17 11:52:26,257 [Worker-15: Building] WARN  o.a.m.s.f.DefaultMavenResourcesFiltering - Using platform encoding (UTF-8 actually) to copy filtered resources, i.e. build is platform dependent!
2025-12-17 11:52:26,260 [Worker-15: Building] INFO  o.a.m.s.f.DefaultMavenResourcesFiltering - skip non existing resourceDirectory C:\Users\Espinosa Delgado\Documents\JUAN\CAV\pazzioliweb\pazzioli-web-backend\auth\src\test\resources
2025-12-17 11:52:26,297 [Worker-15: Building] WARN  o.apache.maven.project.MavenProject - Direct modification of compileSourceRoots through clear() is deprecated and will not work in Maven 4.0.0. Please use the add/remove methods instead. If you're using a plugin that causes this warning, please upgrade to the latest version and report an issue if the warning persists. To disable these warnings, set -Dmaven.project.sourceRoots.warningsDisabled=true on the command line, in the .mvn/maven.config file, or in project POM properties.
2025-12-17 11:52:26,299 [Worker-15: Building] WARN  o.apache.maven.project.MavenProject - Direct modification of compileSourceRoots through add() is deprecated and will not work in Maven 4.0.0. Please use the add/remove methods instead. If you're using a plugin that causes this warning, please upgrade to the latest version and report an issue if the warning persists. To disable these warnings, set -Dmaven.project.sourceRoots.warningsDisabled=true on the command line, in the .mvn/maven.config file, or in project POM properties.
2025-12-17 11:52:26,301 [Worker-15: Building] WARN  o.apache.maven.project.MavenProject - Direct modification of testCompileSourceRoots through clear() is deprecated and will not work in Maven 4.0.0. Please use the add/remove methods instead. If you're using a plugin that causes this warning, please upgrade to the latest version and report an issue if the warning persists. To disable these warnings, set -Dmaven.project.sourceRoots.warningsDisabled=true on the command line, in the .mvn/maven.config file, or in project POM properties.
2025-12-17 11:52:26,302 [Worker-15: Building] WARN  o.apache.maven.project.MavenProject - Direct modification of testCompileSourceRoots through add() is deprecated and will not work in Maven 4.0.0. Please use the add/remove methods instead. If you're using a plugin that causes this warning, please upgrade to the latest version and report an issue if the warning persists. To disable these warnings, set -Dmaven.project.sourceRoots.warningsDisabled=true on the command line, in the .mvn/maven.config file, or in project POM properties.
2025-12-17 11:52:26,547 [Worker-15: Building] WARN  o.a.m.s.f.DefaultMavenResourcesFiltering - Using platform encoding (UTF-8 actually) to copy filtered resources, i.e. build is platform dependent!
2025-12-17 11:52:26,549 [Worker-15: Building] INFO  o.a.m.s.f.DefaultMavenResourcesFiltering - Copying 0 resource from src\main\resources to target\classes
2025-12-17 11:52:26,553 [Worker-15: Building] WARN  o.a.m.s.f.DefaultMavenResourcesFiltering - Using platform encoding (UTF-8 actually) to copy filtered resources, i.e. build is platform dependent!
2025-12-17 11:52:26,555 [Worker-15: Building] INFO  o.a.m.s.f.DefaultMavenResourcesFiltering - Copying 0 resource from src\test\resources to target\test-classes
2025-12-17 11:52:26,580 [Worker-15: Building] WARN  o.apache.maven.project.MavenProject - Direct modification of compileSourceRoots through clear() is deprecated and will not work in Maven 4.0.0. Please use the add/remove methods instead. If you're using a plugin that causes this warning, please upgrade to the latest version and report an issue if the warning persists. To disable these warnings, set -Dmaven.project.sourceRoots.warningsDisabled=true on the command line, in the .mvn/maven.config file, or in project POM properties.
2025-12-17 11:52:26,581 [Worker-15: Building] WARN  o.apache.maven.project.MavenProject - Direct modification of compileSourceRoots through add() is deprecated and will not work in Maven 4.0.0. Please use the add/remove methods instead. If you're using a plugin that causes this warning, please upgrade to the latest version and report an issue if the warning persists. To disable these warnings, set -Dmaven.project.sourceRoots.warningsDisabled=true on the command line, in the .mvn/maven.config file, or in project POM properties.
2025-12-17 11:52:26,583 [Worker-15: Building] WARN  o.apache.maven.project.MavenProject - Direct modification of testCompileSourceRoots through clear() is deprecated and will not work in Maven 4.0.0. Please use the add/remove methods instead. If you're using a plugin that causes this warning, please upgrade to the latest version and report an issue if the warning persists. To disable these warnings, set -Dmaven.project.sourceRoots.warningsDisabled=true on the command line, in the .mvn/maven.config file, or in project POM properties.
2025-12-17 11:52:26,585 [Worker-15: Building] WARN  o.apache.maven.project.MavenProject - Direct modification of testCompileSourceRoots through add() is deprecated and will not work in Maven 4.0.0. Please use the add/remove methods instead. If you're using a plugin that causes this warning, please upgrade to the latest version and report an issue if the warning persists. To disable these warnings, set -Dmaven.project.sourceRoots.warningsDisabled=true on the command line, in the .mvn/maven.config file, or in project POM properties.
2025-12-17 11:52:27,205 [Worker-15: Building] WARN  o.a.m.s.f.DefaultMavenResourcesFiltering - Using platform encoding (UTF-8 actually) to copy filtered resources, i.e. build is platform dependent!
2025-12-17 11:52:27,206 [Worker-15: Building] INFO  o.a.m.s.f.DefaultMavenResourcesFiltering - skip non existing resourceDirectory C:\Users\Espinosa Delgado\Documents\JUAN\CAV\pazzioliweb\pazzioli-web-backend\common\src\main\resources
2025-12-17 11:52:27,210 [Worker-15: Building] WARN  o.a.m.s.f.DefaultMavenResourcesFiltering - Using platform encoding (UTF-8 actually) to copy filtered resources, i.e. build is platform dependent!
2025-12-17 11:52:27,212 [Worker-15: Building] INFO  o.a.m.s.f.DefaultMavenResourcesFiltering - skip non existing resourceDirectory C:\Users\Espinosa Delgado\Documents\JUAN\CAV\pazzioliweb\pazzioli-web-backend\common\src\test\resources
2025-12-17 11:52:27,241 [Worker-15: Building] WARN  o.apache.maven.project.MavenProject - Direct modification of compileSourceRoots through clear() is deprecated and will not work in Maven 4.0.0. Please use the add/remove methods instead. If you're using a plugin that causes this warning, please upgrade to the latest version and report an issue if the warning persists. To disable these warnings, set -Dmaven.project.sourceRoots.warningsDisabled=true on the command line, in the .mvn/maven.config file, or in project POM properties.
2025-12-17 11:52:27,242 [Worker-15: Building] WARN  o.apache.maven.project.MavenProject - Direct modification of compileSourceRoots through add() is deprecated and will not work in Maven 4.0.0. Please use the add/remove methods instead. If you're using a plugin that causes this warning, please upgrade to the latest version and report an issue if the warning persists. To disable these warnings, set -Dmaven.project.sourceRoots.warningsDisabled=true on the command line, in the .mvn/maven.config file, or in project POM properties.
2025-12-17 11:52:27,244 [Worker-15: Building] WARN  o.apache.maven.project.MavenProject - Direct modification of testCompileSourceRoots through clear() is deprecated and will not work in Maven 4.0.0. Please use the add/remove methods instead. If you're using a plugin that causes this warning, please upgrade to the latest version and report an issue if the warning persists. To disable these warnings, set -Dmaven.project.sourceRoots.warningsDisabled=true on the command line, in the .mvn/maven.config file, or in project POM properties.
2025-12-17 11:52:27,246 [Worker-15: Building] WARN  o.apache.maven.project.MavenProject - Direct modification of testCompileSourceRoots through add() is deprecated and will not work in Maven 4.0.0. Please use the add/remove methods instead. If you're using a plugin that causes this warning, please upgrade to the latest version and report an issue if the warning persists. To disable these warnings, set -Dmaven.project.sourceRoots.warningsDisabled=true on the command line, in the .mvn/maven.config file, or in project POM properties.
2025-12-17 11:52:28,195 [Worker-25: Building] INFO  o.e.m.c.i.l.LifecycleMappingFactory - Using org.eclipse.m2e.jdt.JarLifecycleMapping lifecycle mapping for MavenProject: com.pazzioliweb:comprobantesmodule:1.0-SNAPSHOT @ C:\Users\Espinosa Delgado\Documents\JUAN\CAV\pazzioliweb\pazzioli-web-backend\comprobantesmodule\pom.xml.
2025-12-17 11:52:29,081 [Worker-25: Building] INFO  o.e.m.c.i.l.LifecycleMappingFactory - Using org.eclipse.m2e.jdt.JarLifecycleMapping lifecycle mapping for MavenProject: com.pazzioliweb:cajasmodule:1.0-SNAPSHOT @ C:\Users\Espinosa Delgado\Documents\JUAN\CAV\pazzioliweb\pazzioli-web-backend\cajasmodule\pom.xml.
2025-12-17 11:52:29,211 [Worker-25: Building] INFO  o.e.m.c.i.p.WorkspaceClassifierResolverManager - Resolving P/comprobantesmodule: com.pazzioliweb:comprobantesmodule:1.0-SNAPSHOT with classifier  to /comprobantesmodule/target/classes
2025-12-17 11:52:29,213 [Worker-25: Building] INFO  o.e.m.c.i.p.WorkspaceClassifierResolverManager - Resolving P/common: com.pazzioliweb:common:1.0-SNAPSHOT with classifier  to /common/target/classes
2025-12-17 11:52:29,589 [Worker-25: Building] INFO  o.e.m.c.i.l.LifecycleMappingFactory - Using org.eclipse.m2e.jdt.JarLifecycleMapping lifecycle mapping for MavenProject: com.pazzioliweb:web:1.0-SNAPSHOT @ C:\Users\Espinosa Delgado\Documents\JUAN\CAV\pazzioliweb\pazzioli-web-backend\web\pom.xml.
2025-12-17 11:52:29,666 [Worker-25: Building] INFO  o.e.m.c.i.p.WorkspaceClassifierResolverManager - Resolving P/auth: com.pazzioliweb:auth:1.0-SNAPSHOT with classifier  to /auth/target/classes
2025-12-17 11:52:29,672 [Worker-25: Building] INFO  o.e.m.c.i.p.WorkspaceClassifierResolverManager - Resolving P/common: com.pazzioliweb:common:1.0-SNAPSHOT with classifier  to /common/target/classes
2025-12-17 11:52:29,691 [Worker-25: Building] INFO  o.e.m.c.i.p.WorkspaceClassifierResolverManager - Resolving P/comprobantesmodule: com.pazzioliweb:comprobantesmodule:1.0-SNAPSHOT with classifier  to /comprobantesmodule/target/classes
2025-12-17 11:52:29,691 [Worker-25: Building] INFO  o.e.m.c.i.p.WorkspaceClassifierResolverManager - Resolving P/cajasmodule: com.pazzioliweb:cajasmodule:1.0-SNAPSHOT with classifier  to /cajasmodule/target/classes
2025-12-17 11:52:30,297 [Worker-25: Building] WARN  o.a.m.s.f.DefaultMavenResourcesFiltering - Using platform encoding (UTF-8 actually) to copy filtered resources, i.e. build is platform dependent!
2025-12-17 11:52:30,299 [Worker-25: Building] INFO  o.a.m.s.f.DefaultMavenResourcesFiltering - Copying 0 resource from src\main\resources to target\classes
2025-12-17 11:52:30,303 [Worker-25: Building] WARN  o.a.m.s.f.DefaultMavenResourcesFiltering - Using platform encoding (UTF-8 actually) to copy filtered resources, i.e. build is platform dependent!
2025-12-17 11:52:30,305 [Worker-25: Building] INFO  o.a.m.s.f.DefaultMavenResourcesFiltering - Copying 0 resource from src\test\resources to target\test-classes
2025-12-17 11:52:30,331 [Worker-25: Building] WARN  o.apache.maven.project.MavenProject - Direct modification of compileSourceRoots through clear() is deprecated and will not work in Maven 4.0.0. Please use the add/remove methods instead. If you're using a plugin that causes this warning, please upgrade to the latest version and report an issue if the warning persists. To disable these warnings, set -Dmaven.project.sourceRoots.warningsDisabled=true on the command line, in the .mvn/maven.config file, or in project POM properties.
2025-12-17 11:52:30,332 [Worker-25: Building] WARN  o.apache.maven.project.MavenProject - Direct modification of compileSourceRoots through add() is deprecated and will not work in Maven 4.0.0. Please use the add/remove methods instead. If you're using a plugin that causes this warning, please upgrade to the latest version and report an issue if the warning persists. To disable these warnings, set -Dmaven.project.sourceRoots.warningsDisabled=true on the command line, in the .mvn/maven.config file, or in project POM properties.
2025-12-17 11:52:30,333 [Worker-25: Building] WARN  o.apache.maven.project.MavenProject - Direct modification of testCompileSourceRoots through clear() is deprecated and will not work in Maven 4.0.0. Please use the add/remove methods instead. If you're using a plugin that causes this warning, please upgrade to the latest version and report an issue if the warning persists. To disable these warnings, set -Dmaven.project.sourceRoots.warningsDisabled=true on the command line, in the .mvn/maven.config file, or in project POM properties.
2025-12-17 11:52:30,334 [Worker-25: Building] WARN  o.apache.maven.project.MavenProject - Direct modification of testCompileSourceRoots through add() is deprecated and will not work in Maven 4.0.0. Please use the add/remove methods instead. If you're using a plugin that causes this warning, please upgrade to the latest version and report an issue if the warning persists. To disable these warnings, set -Dmaven.project.sourceRoots.warningsDisabled=true on the command line, in the .mvn/maven.config file, or in project POM properties.
2025-12-17 11:52:31,436 [Worker-35: Building] WARN  o.a.m.s.f.DefaultMavenResourcesFiltering - Using platform encoding (UTF-8 actually) to copy filtered resources, i.e. build is platform dependent!
2025-12-17 11:52:31,439 [Worker-35: Building] INFO  o.a.m.s.f.DefaultMavenResourcesFiltering - Copying 0 resource from src\main\resources to target\classes
2025-12-17 11:52:31,443 [Worker-35: Building] WARN  o.a.m.s.f.DefaultMavenResourcesFiltering - Using platform encoding (UTF-8 actually) to copy filtered resources, i.e. build is platform dependent!
2025-12-17 11:52:31,444 [Worker-35: Building] INFO  o.a.m.s.f.DefaultMavenResourcesFiltering - Copying 0 resource from src\test\resources to target\test-classes
2025-12-17 11:52:31,477 [Worker-35: Building] WARN  o.apache.maven.project.MavenProject - Direct modification of compileSourceRoots through clear() is deprecated and will not work in Maven 4.0.0. Please use the add/remove methods instead. If you're using a plugin that causes this warning, please upgrade to the latest version and report an issue if the warning persists. To disable these warnings, set -Dmaven.project.sourceRoots.warningsDisabled=true on the command line, in the .mvn/maven.config file, or in project POM properties.
2025-12-17 11:52:31,479 [Worker-35: Building] WARN  o.apache.maven.project.MavenProject - Direct modification of compileSourceRoots through add() is deprecated and will not work in Maven 4.0.0. Please use the add/remove methods instead. If you're using a plugin that causes this warning, please upgrade to the latest version and report an issue if the warning persists. To disable these warnings, set -Dmaven.project.sourceRoots.warningsDisabled=true on the command line, in the .mvn/maven.config file, or in project POM properties.
2025-12-17 11:52:31,482 [Worker-35: Building] WARN  o.apache.maven.project.MavenProject - Direct modification of testCompileSourceRoots through clear() is deprecated and will not work in Maven 4.0.0. Please use the add/remove methods instead. If you're using a plugin that causes this warning, please upgrade to the latest version and report an issue if the warning persists. To disable these warnings, set -Dmaven.project.sourceRoots.warningsDisabled=true on the command line, in the .mvn/maven.config file, or in project POM properties.
2025-12-17 11:52:31,483 [Worker-35: Building] WARN  o.apache.maven.project.MavenProject - Direct modification of testCompileSourceRoots through add() is deprecated and will not work in Maven 4.0.0. Please use the add/remove methods instead. If you're using a plugin that causes this warning, please upgrade to the latest version and report an issue if the warning persists. To disable these warnings, set -Dmaven.project.sourceRoots.warningsDisabled=true on the command line, in the .mvn/maven.config file, or in project POM properties.
2025-12-17 11:52:31,684 [Worker-35: Building] WARN  o.a.m.s.f.DefaultMavenResourcesFiltering - Using platform encoding (UTF-8 actually) to copy filtered resources, i.e. build is platform dependent!
2025-12-17 11:52:31,686 [Worker-35: Building] INFO  o.a.m.s.f.DefaultMavenResourcesFiltering - Copying 0 resource from src\main\resources to target\classes
2025-12-17 11:52:31,693 [Worker-35: Building] WARN  o.a.m.s.f.DefaultMavenResourcesFiltering - Using platform encoding (UTF-8 actually) to copy filtered resources, i.e. build is platform dependent!
2025-12-17 11:52:31,697 [Worker-35: Building] INFO  o.a.m.s.f.DefaultMavenResourcesFiltering - Copying 0 resource from src\test\resources to target\test-classes
2025-12-17 11:52:31,725 [Worker-35: Building] WARN  o.apache.maven.project.MavenProject - Direct modification of compileSourceRoots through clear() is deprecated and will not work in Maven 4.0.0. Please use the add/remove methods instead. If you're using a plugin that causes this warning, please upgrade to the latest version and report an issue if the warning persists. To disable these warnings, set -Dmaven.project.sourceRoots.warningsDisabled=true on the command line, in the .mvn/maven.config file, or in project POM properties.
2025-12-17 11:52:31,726 [Worker-35: Building] WARN  o.apache.maven.project.MavenProject - Direct modification of compileSourceRoots through add() is deprecated and will not work in Maven 4.0.0. Please use the add/remove methods instead. If you're using a plugin that causes this warning, please upgrade to the latest version and report an issue if the warning persists. To disable these warnings, set -Dmaven.project.sourceRoots.warningsDisabled=true on the command line, in the .mvn/maven.config file, or in project POM properties.
2025-12-17 11:52:31,728 [Worker-35: Building] WARN  o.apache.maven.project.MavenProject - Direct modification of testCompileSourceRoots through clear() is deprecated and will not work in Maven 4.0.0. Please use the add/remove methods instead. If you're using a plugin that causes this warning, please upgrade to the latest version and report an issue if the warning persists. To disable these warnings, set -Dmaven.project.sourceRoots.warningsDisabled=true on the command line, in the .mvn/maven.config file, or in project POM properties.
2025-12-17 11:52:31,730 [Worker-35: Building] WARN  o.apache.maven.project.MavenProject - Direct modification of testCompileSourceRoots through add() is deprecated and will not work in Maven 4.0.0. Please use the add/remove methods instead. If you're using a plugin that causes this warning, please upgrade to the latest version and report an issue if the warning persists. To disable these warnings, set -Dmaven.project.sourceRoots.warningsDisabled=true on the command line, in the .mvn/maven.config file, or in project POM properties.
2025-12-17 11:52:32,413 [Worker-35: Building] INFO  o.e.m.c.i.l.LifecycleMappingFactory - Using org.eclipse.m2e.jdt.JarLifecycleMapping lifecycle mapping for MavenProject: com.pazzioliweb:empresas:1.0-SNAPSHOT @ C:\Users\Espinosa Delgado\Documents\JUAN\CAV\pazzioliweb\pazzioli-web-backend\empresas\pom.xml.
2025-12-17 11:52:33,053 [Worker-35: Building] INFO  o.e.m.c.i.p.WorkspaceClassifierResolverManager - Resolving P/common: com.pazzioliweb:common:1.0-SNAPSHOT with classifier  to /common/target/classes
2025-12-17 11:52:33,480 [Worker-35: Building] INFO  o.e.m.c.i.l.LifecycleMappingFactory - Using org.eclipse.m2e.jdt.JarLifecycleMapping lifecycle mapping for MavenProject: com.pazzioliweb:auth:1.0-SNAPSHOT @ C:\Users\Espinosa Delgado\Documents\JUAN\CAV\pazzioliweb\pazzioli-web-backend\auth\pom.xml.
2025-12-17 11:52:33,532 [Worker-35: Building] INFO  o.e.m.c.i.p.WorkspaceClassifierResolverManager - Resolving P/common: com.pazzioliweb:common:1.0-SNAPSHOT with classifier  to /common/target/classes
2025-12-17 11:52:33,536 [Worker-35: Building] INFO  o.e.m.c.i.p.WorkspaceClassifierResolverManager - Resolving P/empresas: com.pazzioliweb:empresas:1.0-SNAPSHOT with classifier  to /empresas/target/classes
2025-12-17 11:52:33,889 [Worker-35: Building] INFO  o.e.m.c.i.l.LifecycleMappingFactory - Using org.eclipse.m2e.jdt.JarLifecycleMapping lifecycle mapping for MavenProject: com.pazzioliweb:web:1.0-SNAPSHOT @ C:\Users\Espinosa Delgado\Documents\JUAN\CAV\pazzioliweb\pazzioli-web-backend\web\pom.xml.
2025-12-17 11:52:33,967 [Worker-35: Building] INFO  o.e.m.c.i.p.WorkspaceClassifierResolverManager - Resolving P/auth: com.pazzioliweb:auth:1.0-SNAPSHOT with classifier  to /auth/target/classes
2025-12-17 11:52:33,976 [Worker-35: Building] INFO  o.e.m.c.i.p.WorkspaceClassifierResolverManager - Resolving P/common: com.pazzioliweb:common:1.0-SNAPSHOT with classifier  to /common/target/classes
2025-12-17 11:52:33,996 [Worker-35: Building] INFO  o.e.m.c.i.p.WorkspaceClassifierResolverManager - Resolving P/empresas: com.pazzioliweb:empresas:1.0-SNAPSHOT with classifier  to /empresas/target/classes
2025-12-17 11:52:33,998 [Worker-35: Building] INFO  o.e.m.c.i.p.WorkspaceClassifierResolverManager - Resolving P/comprobantesmodule: com.pazzioliweb:comprobantesmodule:1.0-SNAPSHOT with classifier  to /comprobantesmodule/target/classes
2025-12-17 11:52:33,999 [Worker-35: Building] INFO  o.e.m.c.i.p.WorkspaceClassifierResolverManager - Resolving P/cajasmodule: com.pazzioliweb:cajasmodule:1.0-SNAPSHOT with classifier  to /cajasmodule/target/classes
2025-12-17 11:52:34,628 [Worker-35: Building] WARN  o.a.m.s.f.DefaultMavenResourcesFiltering - Using platform encoding (UTF-8 actually) to copy filtered resources, i.e. build is platform dependent!
2025-12-17 11:52:34,629 [Worker-35: Building] INFO  o.a.m.s.f.DefaultMavenResourcesFiltering - skip non existing resourceDirectory C:\Users\Espinosa Delgado\Documents\JUAN\CAV\pazzioliweb\pazzioli-web-backend\empresas\src\main\resources
2025-12-17 11:52:34,632 [Worker-35: Building] WARN  o.a.m.s.f.DefaultMavenResourcesFiltering - Using platform encoding (UTF-8 actually) to copy filtered resources, i.e. build is platform dependent!
2025-12-17 11:52:34,633 [Worker-35: Building] INFO  o.a.m.s.f.DefaultMavenResourcesFiltering - skip non existing resourceDirectory C:\Users\Espinosa Delgado\Documents\JUAN\CAV\pazzioliweb\pazzioli-web-backend\empresas\src\test\resources
2025-12-17 11:52:34,649 [Worker-35: Building] WARN  o.apache.maven.project.MavenProject - Direct modification of compileSourceRoots through clear() is deprecated and will not work in Maven 4.0.0. Please use the add/remove methods instead. If you're using a plugin that causes this warning, please upgrade to the latest version and report an issue if the warning persists. To disable these warnings, set -Dmaven.project.sourceRoots.warningsDisabled=true on the command line, in the .mvn/maven.config file, or in project POM properties.
2025-12-17 11:52:34,651 [Worker-35: Building] WARN  o.apache.maven.project.MavenProject - Direct modification of compileSourceRoots through add() is deprecated and will not work in Maven 4.0.0. Please use the add/remove methods instead. If you're using a plugin that causes this warning, please upgrade to the latest version and report an issue if the warning persists. To disable these warnings, set -Dmaven.project.sourceRoots.warningsDisabled=true on the command line, in the .mvn/maven.config file, or in project POM properties.
2025-12-17 11:52:34,652 [Worker-35: Building] WARN  o.apache.maven.project.MavenProject - Direct modification of testCompileSourceRoots through clear() is deprecated and will not work in Maven 4.0.0. Please use the add/remove methods instead. If you're using a plugin that causes this warning, please upgrade to the latest version and report an issue if the warning persists. To disable these warnings, set -Dmaven.project.sourceRoots.warningsDisabled=true on the command line, in the .mvn/maven.config file, or in project POM properties.
2025-12-17 11:52:34,653 [Worker-35: Building] WARN  o.apache.maven.project.MavenProject - Direct modification of testCompileSourceRoots through add() is deprecated and will not work in Maven 4.0.0. Please use the add/remove methods instead. If you're using a plugin that causes this warning, please upgrade to the latest version and report an issue if the warning persists. To disable these warnings, set -Dmaven.project.sourceRoots.warningsDisabled=true on the command line, in the .mvn/maven.config file, or in project POM properties.
2025-12-17 11:52:36,125 [Worker-15: Building] WARN  o.a.m.s.f.DefaultMavenResourcesFiltering - Using platform encoding (UTF-8 actually) to copy filtered resources, i.e. build is platform dependent!
2025-12-17 11:52:36,127 [Worker-15: Building] INFO  o.a.m.s.f.DefaultMavenResourcesFiltering - skip non existing resourceDirectory C:\Users\Espinosa Delgado\Documents\JUAN\CAV\pazzioliweb\pazzioli-web-backend\auth\src\main\resources
2025-12-17 11:52:36,133 [Worker-15: Building] WARN  o.a.m.s.f.DefaultMavenResourcesFiltering - Using platform encoding (UTF-8 actually) to copy filtered resources, i.e. build is platform dependent!
2025-12-17 11:52:36,134 [Worker-15: Building] INFO  o.a.m.s.f.DefaultMavenResourcesFiltering - skip non existing resourceDirectory C:\Users\Espinosa Delgado\Documents\JUAN\CAV\pazzioliweb\pazzioli-web-backend\auth\src\test\resources
2025-12-17 11:52:36,159 [Worker-15: Building] WARN  o.apache.maven.project.MavenProject - Direct modification of compileSourceRoots through clear() is deprecated and will not work in Maven 4.0.0. Please use the add/remove methods instead. If you're using a plugin that causes this warning, please upgrade to the latest version and report an issue if the warning persists. To disable these warnings, set -Dmaven.project.sourceRoots.warningsDisabled=true on the command line, in the .mvn/maven.config file, or in project POM properties.
2025-12-17 11:52:36,160 [Worker-15: Building] WARN  o.apache.maven.project.MavenProject - Direct modification of compileSourceRoots through add() is deprecated and will not work in Maven 4.0.0. Please use the add/remove methods instead. If you're using a plugin that causes this warning, please upgrade to the latest version and report an issue if the warning persists. To disable these warnings, set -Dmaven.project.sourceRoots.warningsDisabled=true on the command line, in the .mvn/maven.config file, or in project POM properties.
2025-12-17 11:52:36,161 [Worker-15: Building] WARN  o.apache.maven.project.MavenProject - Direct modification of testCompileSourceRoots through clear() is deprecated and will not work in Maven 4.0.0. Please use the add/remove methods instead. If you're using a plugin that causes this warning, please upgrade to the latest version and report an issue if the warning persists. To disable these warnings, set -Dmaven.project.sourceRoots.warningsDisabled=true on the command line, in the .mvn/maven.config file, or in project POM properties.
2025-12-17 11:52:36,162 [Worker-15: Building] WARN  o.apache.maven.project.MavenProject - Direct modification of testCompileSourceRoots through add() is deprecated and will not work in Maven 4.0.0. Please use the add/remove methods instead. If you're using a plugin that causes this warning, please upgrade to the latest version and report an issue if the warning persists. To disable these warnings, set -Dmaven.project.sourceRoots.warningsDisabled=true on the command line, in the .mvn/maven.config file, or in project POM properties.
2025-12-17 11:52:36,511 [Worker-15: Building] WARN  o.a.m.s.f.DefaultMavenResourcesFiltering - Using platform encoding (UTF-8 actually) to copy filtered resources, i.e. build is platform dependent!
2025-12-17 11:52:36,513 [Worker-15: Building] INFO  o.a.m.s.f.DefaultMavenResourcesFiltering - skip non existing resourceDirectory C:\Users\Espinosa Delgado\Documents\JUAN\CAV\pazzioliweb\pazzioli-web-backend\empresas\src\main\resources
2025-12-17 11:52:36,516 [Worker-15: Building] WARN  o.a.m.s.f.DefaultMavenResourcesFiltering - Using platform encoding (UTF-8 actually) to copy filtered resources, i.e. build is platform dependent!
2025-12-17 11:52:36,518 [Worker-15: Building] INFO  o.a.m.s.f.DefaultMavenResourcesFiltering - skip non existing resourceDirectory C:\Users\Espinosa Delgado\Documents\JUAN\CAV\pazzioliweb\pazzioli-web-backend\empresas\src\test\resources
2025-12-17 11:52:36,538 [Worker-15: Building] WARN  o.apache.maven.project.MavenProject - Direct modification of compileSourceRoots through clear() is deprecated and will not work in Maven 4.0.0. Please use the add/remove methods instead. If you're using a plugin that causes this warning, please upgrade to the latest version and report an issue if the warning persists. To disable these warnings, set -Dmaven.project.sourceRoots.warningsDisabled=true on the command line, in the .mvn/maven.config file, or in project POM properties.
2025-12-17 11:52:36,539 [Worker-15: Building] WARN  o.apache.maven.project.MavenProject - Direct modification of compileSourceRoots through add() is deprecated and will not work in Maven 4.0.0. Please use the add/remove methods instead. If you're using a plugin that causes this warning, please upgrade to the latest version and report an issue if the warning persists. To disable these warnings, set -Dmaven.project.sourceRoots.warningsDisabled=true on the command line, in the .mvn/maven.config file, or in project POM properties.
2025-12-17 11:52:36,540 [Worker-15: Building] WARN  o.apache.maven.project.MavenProject - Direct modification of testCompileSourceRoots through clear() is deprecated and will not work in Maven 4.0.0. Please use the add/remove methods instead. If you're using a plugin that causes this warning, please upgrade to the latest version and report an issue if the warning persists. To disable these warnings, set -Dmaven.project.sourceRoots.warningsDisabled=true on the command line, in the .mvn/maven.config file, or in project POM properties.
2025-12-17 11:52:36,541 [Worker-15: Building] WARN  o.apache.maven.project.MavenProject - Direct modification of testCompileSourceRoots through add() is deprecated and will not work in Maven 4.0.0. Please use the add/remove methods instead. If you're using a plugin that causes this warning, please upgrade to the latest version and report an issue if the warning persists. To disable these warnings, set -Dmaven.project.sourceRoots.warningsDisabled=true on the command line, in the .mvn/maven.config file, or in project POM properties.
2025-12-17 11:52:37,019 [Worker-15: Building] INFO  o.e.m.c.i.l.LifecycleMappingFactory - Using org.eclipse.m2e.jdt.JarLifecycleMapping lifecycle mapping for MavenProject: com.pazzioliweb:facturacionmodule:1.0-SNAPSHOT @ C:\Users\Espinosa Delgado\Documents\JUAN\CAV\pazzioliweb\pazzioli-web-backend\facturacionmodule\pom.xml.
2025-12-17 11:52:37,687 [Worker-15: Building] INFO  o.e.m.c.i.p.WorkspaceClassifierResolverManager - Resolving P/common: com.pazzioliweb:common:1.0-SNAPSHOT with classifier  to /common/target/classes
2025-12-17 11:52:37,691 [Worker-15: Building] INFO  o.e.m.c.i.p.WorkspaceClassifierResolverManager - Resolving P/empresas: com.pazzioliweb:empresas:1.0-SNAPSHOT with classifier  to /empresas/target/classes
2025-12-17 11:52:38,120 [Worker-15: Building] INFO  o.e.m.c.i.l.LifecycleMappingFactory - Using org.eclipse.m2e.jdt.JarLifecycleMapping lifecycle mapping for MavenProject: com.pazzioliweb:web:1.0-SNAPSHOT @ C:\Users\Espinosa Delgado\Documents\JUAN\CAV\pazzioliweb\pazzioli-web-backend\web\pom.xml.
2025-12-17 11:52:38,161 [Worker-15: Building] INFO  o.e.m.c.i.p.WorkspaceClassifierResolverManager - Resolving P/auth: com.pazzioliweb:auth:1.0-SNAPSHOT with classifier  to /auth/target/classes
2025-12-17 11:52:38,167 [Worker-15: Building] INFO  o.e.m.c.i.p.WorkspaceClassifierResolverManager - Resolving P/common: com.pazzioliweb:common:1.0-SNAPSHOT with classifier  to /common/target/classes
2025-12-17 11:52:38,178 [Worker-15: Building] INFO  o.e.m.c.i.p.WorkspaceClassifierResolverManager - Resolving P/empresas: com.pazzioliweb:empresas:1.0-SNAPSHOT with classifier  to /empresas/target/classes
2025-12-17 11:52:38,179 [Worker-15: Building] INFO  o.e.m.c.i.p.WorkspaceClassifierResolverManager - Resolving P/facturacionmodule: com.pazzioliweb:facturacionmodule:1.0-SNAPSHOT with classifier  to /facturacionmodule/target/classes
2025-12-17 11:52:38,180 [Worker-15: Building] INFO  o.e.m.c.i.p.WorkspaceClassifierResolverManager - Resolving P/comprobantesmodule: com.pazzioliweb:comprobantesmodule:1.0-SNAPSHOT with classifier  to /comprobantesmodule/target/classes
2025-12-17 11:52:38,181 [Worker-15: Building] INFO  o.e.m.c.i.p.WorkspaceClassifierResolverManager - Resolving P/cajasmodule: com.pazzioliweb:cajasmodule:1.0-SNAPSHOT with classifier  to /cajasmodule/target/classes
2025-12-17 11:52:38,635 [Worker-15: Building] WARN  o.a.m.s.f.DefaultMavenResourcesFiltering - Using platform encoding (UTF-8 actually) to copy filtered resources, i.e. build is platform dependent!
2025-12-17 11:52:38,636 [Worker-15: Building] INFO  o.a.m.s.f.DefaultMavenResourcesFiltering - Copying 0 resource from src\main\resources to target\classes
2025-12-17 11:52:38,639 [Worker-15: Building] WARN  o.a.m.s.f.DefaultMavenResourcesFiltering - Using platform encoding (UTF-8 actually) to copy filtered resources, i.e. build is platform dependent!
2025-12-17 11:52:38,641 [Worker-15: Building] INFO  o.a.m.s.f.DefaultMavenResourcesFiltering - Copying 0 resource from src\test\resources to target\test-classes
2025-12-17 11:52:38,657 [Worker-15: Building] WARN  o.apache.maven.project.MavenProject - Direct modification of compileSourceRoots through clear() is deprecated and will not work in Maven 4.0.0. Please use the add/remove methods instead. If you're using a plugin that causes this warning, please upgrade to the latest version and report an issue if the warning persists. To disable these warnings, set -Dmaven.project.sourceRoots.warningsDisabled=true on the command line, in the .mvn/maven.config file, or in project POM properties.
2025-12-17 11:52:38,658 [Worker-15: Building] WARN  o.apache.maven.project.MavenProject - Direct modification of compileSourceRoots through add() is deprecated and will not work in Maven 4.0.0. Please use the add/remove methods instead. If you're using a plugin that causes this warning, please upgrade to the latest version and report an issue if the warning persists. To disable these warnings, set -Dmaven.project.sourceRoots.warningsDisabled=true on the command line, in the .mvn/maven.config file, or in project POM properties.
2025-12-17 11:52:38,658 [Worker-15: Building] WARN  o.apache.maven.project.MavenProject - Direct modification of testCompileSourceRoots through clear() is deprecated and will not work in Maven 4.0.0. Please use the add/remove methods instead. If you're using a plugin that causes this warning, please upgrade to the latest version and report an issue if the warning persists. To disable these warnings, set -Dmaven.project.sourceRoots.warningsDisabled=true on the command line, in the .mvn/maven.config file, or in project POM properties.
2025-12-17 11:52:38,659 [Worker-15: Building] WARN  o.apache.maven.project.MavenProject - Direct modification of testCompileSourceRoots through add() is deprecated and will not work in Maven 4.0.0. Please use the add/remove methods instead. If you're using a plugin that causes this warning, please upgrade to the latest version and report an issue if the warning persists. To disable these warnings, set -Dmaven.project.sourceRoots.warningsDisabled=true on the command line, in the .mvn/maven.config file, or in project POM properties.
2025-12-17 11:52:39,892 [Worker-26: Building] WARN  o.a.m.s.f.DefaultMavenResourcesFiltering - Using platform encoding (UTF-8 actually) to copy filtered resources, i.e. build is platform dependent!
2025-12-17 11:52:39,894 [Worker-26: Building] INFO  o.a.m.s.f.DefaultMavenResourcesFiltering - Copying 0 resource from src\main\resources to target\classes
2025-12-17 11:52:39,898 [Worker-26: Building] WARN  o.a.m.s.f.DefaultMavenResourcesFiltering - Using platform encoding (UTF-8 actually) to copy filtered resources, i.e. build is platform dependent!
2025-12-17 11:52:39,900 [Worker-26: Building] INFO  o.a.m.s.f.DefaultMavenResourcesFiltering - Copying 0 resource from src\test\resources to target\test-classes
2025-12-17 11:52:39,922 [Worker-26: Building] WARN  o.apache.maven.project.MavenProject - Direct modification of compileSourceRoots through clear() is deprecated and will not work in Maven 4.0.0. Please use the add/remove methods instead. If you're using a plugin that causes this warning, please upgrade to the latest version and report an issue if the warning persists. To disable these warnings, set -Dmaven.project.sourceRoots.warningsDisabled=true on the command line, in the .mvn/maven.config file, or in project POM properties.
2025-12-17 11:52:39,923 [Worker-26: Building] WARN  o.apache.maven.project.MavenProject - Direct modification of compileSourceRoots through add() is deprecated and will not work in Maven 4.0.0. Please use the add/remove methods instead. If you're using a plugin that causes this warning, please upgrade to the latest version and report an issue if the warning persists. To disable these warnings, set -Dmaven.project.sourceRoots.warningsDisabled=true on the command line, in the .mvn/maven.config file, or in project POM properties.
2025-12-17 11:52:39,924 [Worker-26: Building] WARN  o.apache.maven.project.MavenProject - Direct modification of testCompileSourceRoots through clear() is deprecated and will not work in Maven 4.0.0. Please use the add/remove methods instead. If you're using a plugin that causes this warning, please upgrade to the latest version and report an issue if the warning persists. To disable these warnings, set -Dmaven.project.sourceRoots.warningsDisabled=true on the command line, in the .mvn/maven.config file, or in project POM properties.
2025-12-17 11:52:39,926 [Worker-26: Building] WARN  o.apache.maven.project.MavenProject - Direct modification of testCompileSourceRoots through add() is deprecated and will not work in Maven 4.0.0. Please use the add/remove methods instead. If you're using a plugin that causes this warning, please upgrade to the latest version and report an issue if the warning persists. To disable these warnings, set -Dmaven.project.sourceRoots.warningsDisabled=true on the command line, in the .mvn/maven.config file, or in project POM properties.
2025-12-17 11:52:40,385 [Worker-26: Building] INFO  o.e.m.c.i.l.LifecycleMappingFactory - Using org.eclipse.m2e.jdt.JarLifecycleMapping lifecycle mapping for MavenProject: com.pazzioliweb:metodospagomodule:1.0-SNAPSHOT @ C:\Users\Espinosa Delgado\Documents\JUAN\CAV\pazzioliweb\pazzioli-web-backend\metodospagomodule\pom.xml.
2025-12-17 11:52:41,051 [Worker-26: Building] INFO  o.e.m.c.i.l.LifecycleMappingFactory - Using org.eclipse.m2e.jdt.JarLifecycleMapping lifecycle mapping for MavenProject: com.pazzioliweb:facturacionmodule:1.0-SNAPSHOT @ C:\Users\Espinosa Delgado\Documents\JUAN\CAV\pazzioliweb\pazzioli-web-backend\facturacionmodule\pom.xml.
2025-12-17 11:52:41,146 [Worker-26: Building] INFO  o.e.m.c.i.p.WorkspaceClassifierResolverManager - Resolving P/common: com.pazzioliweb:common:1.0-SNAPSHOT with classifier  to /common/target/classes
2025-12-17 11:52:41,148 [Worker-26: Building] INFO  o.e.m.c.i.p.WorkspaceClassifierResolverManager - Resolving P/empresas: com.pazzioliweb:empresas:1.0-SNAPSHOT with classifier  to /empresas/target/classes
2025-12-17 11:52:41,151 [Worker-26: Building] INFO  o.e.m.c.i.p.WorkspaceClassifierResolverManager - Resolving P/metodospagomodule: com.pazzioliweb:metodospagomodule:1.0-SNAPSHOT with classifier  to /metodospagomodule/target/classes
2025-12-17 11:52:41,410 [Worker-26: Building] INFO  o.e.m.c.i.l.LifecycleMappingFactory - Using org.eclipse.m2e.jdt.JarLifecycleMapping lifecycle mapping for MavenProject: com.pazzioliweb:web:1.0-SNAPSHOT @ C:\Users\Espinosa Delgado\Documents\JUAN\CAV\pazzioliweb\pazzioli-web-backend\web\pom.xml.
2025-12-17 11:52:41,449 [Worker-26: Building] INFO  o.e.m.c.i.p.WorkspaceClassifierResolverManager - Resolving P/auth: com.pazzioliweb:auth:1.0-SNAPSHOT with classifier  to /auth/target/classes
2025-12-17 11:52:41,453 [Worker-26: Building] INFO  o.e.m.c.i.p.WorkspaceClassifierResolverManager - Resolving P/common: com.pazzioliweb:common:1.0-SNAPSHOT with classifier  to /common/target/classes
2025-12-17 11:52:41,465 [Worker-26: Building] INFO  o.e.m.c.i.p.WorkspaceClassifierResolverManager - Resolving P/empresas: com.pazzioliweb:empresas:1.0-SNAPSHOT with classifier  to /empresas/target/classes
2025-12-17 11:52:41,466 [Worker-26: Building] INFO  o.e.m.c.i.p.WorkspaceClassifierResolverManager - Resolving P/facturacionmodule: com.pazzioliweb:facturacionmodule:1.0-SNAPSHOT with classifier  to /facturacionmodule/target/classes
2025-12-17 11:52:41,466 [Worker-26: Building] INFO  o.e.m.c.i.p.WorkspaceClassifierResolverManager - Resolving P/comprobantesmodule: com.pazzioliweb:comprobantesmodule:1.0-SNAPSHOT with classifier  to /comprobantesmodule/target/classes
2025-12-17 11:52:41,467 [Worker-26: Building] INFO  o.e.m.c.i.p.WorkspaceClassifierResolverManager - Resolving P/cajasmodule: com.pazzioliweb:cajasmodule:1.0-SNAPSHOT with classifier  to /cajasmodule/target/classes
2025-12-17 11:52:41,468 [Worker-26: Building] INFO  o.e.m.c.i.p.WorkspaceClassifierResolverManager - Resolving P/metodospagomodule: com.pazzioliweb:metodospagomodule:1.0-SNAPSHOT with classifier  to /metodospagomodule/target/classes
2025-12-17 11:52:41,945 [Worker-26: Building] WARN  o.a.m.s.f.DefaultMavenResourcesFiltering - Using platform encoding (UTF-8 actually) to copy filtered resources, i.e. build is platform dependent!
2025-12-17 11:52:41,946 [Worker-26: Building] INFO  o.a.m.s.f.DefaultMavenResourcesFiltering - Copying 0 resource from src\main\resources to target\classes
2025-12-17 11:52:41,949 [Worker-26: Building] WARN  o.a.m.s.f.DefaultMavenResourcesFiltering - Using platform encoding (UTF-8 actually) to copy filtered resources, i.e. build is platform dependent!
2025-12-17 11:52:41,951 [Worker-26: Building] INFO  o.a.m.s.f.DefaultMavenResourcesFiltering - Copying 0 resource from src\test\resources to target\test-classes
2025-12-17 11:52:41,964 [Worker-26: Building] WARN  o.apache.maven.project.MavenProject - Direct modification of compileSourceRoots through clear() is deprecated and will not work in Maven 4.0.0. Please use the add/remove methods instead. If you're using a plugin that causes this warning, please upgrade to the latest version and report an issue if the warning persists. To disable these warnings, set -Dmaven.project.sourceRoots.warningsDisabled=true on the command line, in the .mvn/maven.config file, or in project POM properties.
2025-12-17 11:52:41,965 [Worker-26: Building] WARN  o.apache.maven.project.MavenProject - Direct modification of compileSourceRoots through add() is deprecated and will not work in Maven 4.0.0. Please use the add/remove methods instead. If you're using a plugin that causes this warning, please upgrade to the latest version and report an issue if the warning persists. To disable these warnings, set -Dmaven.project.sourceRoots.warningsDisabled=true on the command line, in the .mvn/maven.config file, or in project POM properties.
2025-12-17 11:52:41,966 [Worker-26: Building] WARN  o.apache.maven.project.MavenProject - Direct modification of testCompileSourceRoots through clear() is deprecated and will not work in Maven 4.0.0. Please use the add/remove methods instead. If you're using a plugin that causes this warning, please upgrade to the latest version and report an issue if the warning persists. To disable these warnings, set -Dmaven.project.sourceRoots.warningsDisabled=true on the command line, in the .mvn/maven.config file, or in project POM properties.
2025-12-17 11:52:41,966 [Worker-26: Building] WARN  o.apache.maven.project.MavenProject - Direct modification of testCompileSourceRoots through add() is deprecated and will not work in Maven 4.0.0. Please use the add/remove methods instead. If you're using a plugin that causes this warning, please upgrade to the latest version and report an issue if the warning persists. To disable these warnings, set -Dmaven.project.sourceRoots.warningsDisabled=true on the command line, in the .mvn/maven.config file, or in project POM properties.
2025-12-17 11:52:42,396 [Worker-26: Building] INFO  o.e.m.c.i.l.LifecycleMappingFactory - Using org.eclipse.m2e.jdt.JarLifecycleMapping lifecycle mapping for MavenProject: com.pazzioliweb:movimientosinventariomodule:1.0-SNAPSHOT @ C:\Users\Espinosa Delgado\Documents\JUAN\CAV\pazzioliweb\pazzioli-web-backend\movimientosinventariomodule\pom.xml.
2025-12-17 11:52:42,810 [Worker-26: Building] INFO  o.e.m.c.i.p.WorkspaceClassifierResolverManager - Resolving P/common: com.pazzioliweb:common:1.0-SNAPSHOT with classifier  to /common/target/classes
2025-12-17 11:52:42,813 [Worker-26: Building] INFO  o.e.m.c.i.p.WorkspaceClassifierResolverManager - Resolving P/comprobantesmodule: com.pazzioliweb:comprobantesmodule:1.0-SNAPSHOT with classifier  to /comprobantesmodule/target/classes
2025-12-17 11:52:43,013 [Worker-26: Building] WARN  o.a.m.s.f.DefaultMavenResourcesFiltering - Using platform encoding (UTF-8 actually) to copy filtered resources, i.e. build is platform dependent!
2025-12-17 11:52:43,015 [Worker-26: Building] INFO  o.a.m.s.f.DefaultMavenResourcesFiltering - Copying 0 resource from src\main\resources to target\classes
2025-12-17 11:52:43,018 [Worker-26: Building] WARN  o.a.m.s.f.DefaultMavenResourcesFiltering - Using platform encoding (UTF-8 actually) to copy filtered resources, i.e. build is platform dependent!
2025-12-17 11:52:43,019 [Worker-26: Building] INFO  o.a.m.s.f.DefaultMavenResourcesFiltering - Copying 0 resource from src\test\resources to target\test-classes
2025-12-17 11:52:43,033 [Worker-26: Building] WARN  o.apache.maven.project.MavenProject - Direct modification of compileSourceRoots through clear() is deprecated and will not work in Maven 4.0.0. Please use the add/remove methods instead. If you're using a plugin that causes this warning, please upgrade to the latest version and report an issue if the warning persists. To disable these warnings, set -Dmaven.project.sourceRoots.warningsDisabled=true on the command line, in the .mvn/maven.config file, or in project POM properties.
2025-12-17 11:52:43,033 [Worker-26: Building] WARN  o.apache.maven.project.MavenProject - Direct modification of compileSourceRoots through add() is deprecated and will not work in Maven 4.0.0. Please use the add/remove methods instead. If you're using a plugin that causes this warning, please upgrade to the latest version and report an issue if the warning persists. To disable these warnings, set -Dmaven.project.sourceRoots.warningsDisabled=true on the command line, in the .mvn/maven.config file, or in project POM properties.
2025-12-17 11:52:43,034 [Worker-26: Building] WARN  o.apache.maven.project.MavenProject - Direct modification of testCompileSourceRoots through clear() is deprecated and will not work in Maven 4.0.0. Please use the add/remove methods instead. If you're using a plugin that causes this warning, please upgrade to the latest version and report an issue if the warning persists. To disable these warnings, set -Dmaven.project.sourceRoots.warningsDisabled=true on the command line, in the .mvn/maven.config file, or in project POM properties.
2025-12-17 11:52:43,035 [Worker-26: Building] WARN  o.apache.maven.project.MavenProject - Direct modification of testCompileSourceRoots through add() is deprecated and will not work in Maven 4.0.0. Please use the add/remove methods instead. If you're using a plugin that causes this warning, please upgrade to the latest version and report an issue if the warning persists. To disable these warnings, set -Dmaven.project.sourceRoots.warningsDisabled=true on the command line, in the .mvn/maven.config file, or in project POM properties.
2025-12-17 11:52:43,713 [Worker-21: Building] WARN  o.a.m.s.f.DefaultMavenResourcesFiltering - Using platform encoding (UTF-8 actually) to copy filtered resources, i.e. build is platform dependent!
2025-12-17 11:52:43,715 [Worker-21: Building] INFO  o.a.m.s.f.DefaultMavenResourcesFiltering - Copying 0 resource from src\main\resources to target\classes
2025-12-17 11:52:43,718 [Worker-21: Building] WARN  o.a.m.s.f.DefaultMavenResourcesFiltering - Using platform encoding (UTF-8 actually) to copy filtered resources, i.e. build is platform dependent!
2025-12-17 11:52:43,720 [Worker-21: Building] INFO  o.a.m.s.f.DefaultMavenResourcesFiltering - Copying 0 resource from src\test\resources to target\test-classes
2025-12-17 11:52:43,742 [Worker-21: Building] WARN  o.apache.maven.project.MavenProject - Direct modification of compileSourceRoots through clear() is deprecated and will not work in Maven 4.0.0. Please use the add/remove methods instead. If you're using a plugin that causes this warning, please upgrade to the latest version and report an issue if the warning persists. To disable these warnings, set -Dmaven.project.sourceRoots.warningsDisabled=true on the command line, in the .mvn/maven.config file, or in project POM properties.
2025-12-17 11:52:43,743 [Worker-21: Building] WARN  o.apache.maven.project.MavenProject - Direct modification of compileSourceRoots through add() is deprecated and will not work in Maven 4.0.0. Please use the add/remove methods instead. If you're using a plugin that causes this warning, please upgrade to the latest version and report an issue if the warning persists. To disable these warnings, set -Dmaven.project.sourceRoots.warningsDisabled=true on the command line, in the .mvn/maven.config file, or in project POM properties.
2025-12-17 11:52:43,745 [Worker-21: Building] WARN  o.apache.maven.project.MavenProject - Direct modification of testCompileSourceRoots through clear() is deprecated and will not work in Maven 4.0.0. Please use the add/remove methods instead. If you're using a plugin that causes this warning, please upgrade to the latest version and report an issue if the warning persists. To disable these warnings, set -Dmaven.project.sourceRoots.warningsDisabled=true on the command line, in the .mvn/maven.config file, or in project POM properties.
2025-12-17 11:52:43,746 [Worker-21: Building] WARN  o.apache.maven.project.MavenProject - Direct modification of testCompileSourceRoots through add() is deprecated and will not work in Maven 4.0.0. Please use the add/remove methods instead. If you're using a plugin that causes this warning, please upgrade to the latest version and report an issue if the warning persists. To disable these warnings, set -Dmaven.project.sourceRoots.warningsDisabled=true on the command line, in the .mvn/maven.config file, or in project POM properties.
2025-12-17 11:52:43,908 [Worker-21: Building] WARN  o.a.m.s.f.DefaultMavenResourcesFiltering - Using platform encoding (UTF-8 actually) to copy filtered resources, i.e. build is platform dependent!
2025-12-17 11:52:43,910 [Worker-21: Building] INFO  o.a.m.s.f.DefaultMavenResourcesFiltering - Copying 0 resource from src\main\resources to target\classes
2025-12-17 11:52:43,913 [Worker-21: Building] WARN  o.a.m.s.f.DefaultMavenResourcesFiltering - Using platform encoding (UTF-8 actually) to copy filtered resources, i.e. build is platform dependent!
2025-12-17 11:52:43,914 [Worker-21: Building] INFO  o.a.m.s.f.DefaultMavenResourcesFiltering - Copying 0 resource from src\test\resources to target\test-classes
2025-12-17 11:52:43,934 [Worker-21: Building] WARN  o.apache.maven.project.MavenProject - Direct modification of compileSourceRoots through clear() is deprecated and will not work in Maven 4.0.0. Please use the add/remove methods instead. If you're using a plugin that causes this warning, please upgrade to the latest version and report an issue if the warning persists. To disable these warnings, set -Dmaven.project.sourceRoots.warningsDisabled=true on the command line, in the .mvn/maven.config file, or in project POM properties.
2025-12-17 11:52:43,935 [Worker-21: Building] WARN  o.apache.maven.project.MavenProject - Direct modification of compileSourceRoots through add() is deprecated and will not work in Maven 4.0.0. Please use the add/remove methods instead. If you're using a plugin that causes this warning, please upgrade to the latest version and report an issue if the warning persists. To disable these warnings, set -Dmaven.project.sourceRoots.warningsDisabled=true on the command line, in the .mvn/maven.config file, or in project POM properties.
2025-12-17 11:52:43,939 [Worker-21: Building] WARN  o.apache.maven.project.MavenProject - Direct modification of testCompileSourceRoots through clear() is deprecated and will not work in Maven 4.0.0. Please use the add/remove methods instead. If you're using a plugin that causes this warning, please upgrade to the latest version and report an issue if the warning persists. To disable these warnings, set -Dmaven.project.sourceRoots.warningsDisabled=true on the command line, in the .mvn/maven.config file, or in project POM properties.
2025-12-17 11:52:43,940 [Worker-21: Building] WARN  o.apache.maven.project.MavenProject - Direct modification of testCompileSourceRoots through add() is deprecated and will not work in Maven 4.0.0. Please use the add/remove methods instead. If you're using a plugin that causes this warning, please upgrade to the latest version and report an issue if the warning persists. To disable these warnings, set -Dmaven.project.sourceRoots.warningsDisabled=true on the command line, in the .mvn/maven.config file, or in project POM properties.
2025-12-17 11:52:44,224 [Worker-21: Building] WARN  o.a.m.s.f.DefaultMavenResourcesFiltering - Using platform encoding (UTF-8 actually) to copy filtered resources, i.e. build is platform dependent!
2025-12-17 11:52:44,228 [Worker-21: Building] INFO  o.a.m.s.f.DefaultMavenResourcesFiltering - Copying 0 resource from src\main\resources to target\classes
2025-12-17 11:52:44,234 [Worker-21: Building] WARN  o.a.m.s.f.DefaultMavenResourcesFiltering - Using platform encoding (UTF-8 actually) to copy filtered resources, i.e. build is platform dependent!
2025-12-17 11:52:44,238 [Worker-21: Building] INFO  o.a.m.s.f.DefaultMavenResourcesFiltering - Copying 0 resource from src\test\resources to target\test-classes
2025-12-17 11:52:44,269 [Worker-21: Building] WARN  o.apache.maven.project.MavenProject - Direct modification of compileSourceRoots through clear() is deprecated and will not work in Maven 4.0.0. Please use the add/remove methods instead. If you're using a plugin that causes this warning, please upgrade to the latest version and report an issue if the warning persists. To disable these warnings, set -Dmaven.project.sourceRoots.warningsDisabled=true on the command line, in the .mvn/maven.config file, or in project POM properties.
2025-12-17 11:52:44,271 [Worker-21: Building] WARN  o.apache.maven.project.MavenProject - Direct modification of compileSourceRoots through add() is deprecated and will not work in Maven 4.0.0. Please use the add/remove methods instead. If you're using a plugin that causes this warning, please upgrade to the latest version and report an issue if the warning persists. To disable these warnings, set -Dmaven.project.sourceRoots.warningsDisabled=true on the command line, in the .mvn/maven.config file, or in project POM properties.
2025-12-17 11:52:44,273 [Worker-21: Building] WARN  o.apache.maven.project.MavenProject - Direct modification of testCompileSourceRoots through clear() is deprecated and will not work in Maven 4.0.0. Please use the add/remove methods instead. If you're using a plugin that causes this warning, please upgrade to the latest version and report an issue if the warning persists. To disable these warnings, set -Dmaven.project.sourceRoots.warningsDisabled=true on the command line, in the .mvn/maven.config file, or in project POM properties.
2025-12-17 11:52:44,275 [Worker-21: Building] WARN  o.apache.maven.project.MavenProject - Direct modification of testCompileSourceRoots through add() is deprecated and will not work in Maven 4.0.0. Please use the add/remove methods instead. If you're using a plugin that causes this warning, please upgrade to the latest version and report an issue if the warning persists. To disable these warnings, set -Dmaven.project.sourceRoots.warningsDisabled=true on the command line, in the .mvn/maven.config file, or in project POM properties.
2025-12-17 11:52:45,914 [Worker-32: Building] INFO  o.e.m.c.i.l.LifecycleMappingFactory - Using org.eclipse.m2e.jdt.JarLifecycleMapping lifecycle mapping for MavenProject: com.pazzioliweb:productosmodule:1.0-SNAPSHOT @ C:\Users\Espinosa Delgado\Documents\JUAN\CAV\pazzioliweb\pazzioli-web-backend\productosmodule\pom.xml.
2025-12-17 11:52:46,599 [Worker-32: Building] INFO  o.e.m.c.i.p.WorkspaceClassifierResolverManager - Resolving P/common: com.pazzioliweb:common:1.0-SNAPSHOT with classifier  to /common/target/classes
2025-12-17 11:52:46,860 [Worker-32: Building] INFO  o.e.m.c.i.l.LifecycleMappingFactory - Using org.eclipse.m2e.jdt.JarLifecycleMapping lifecycle mapping for MavenProject: com.pazzioliweb:empresas:1.0-SNAPSHOT @ C:\Users\Espinosa Delgado\Documents\JUAN\CAV\pazzioliweb\pazzioli-web-backend\empresas\pom.xml.
2025-12-17 11:52:46,873 [Worker-32: Building] INFO  o.e.m.c.i.p.WorkspaceClassifierResolverManager - Resolving P/common: com.pazzioliweb:common:1.0-SNAPSHOT with classifier  to /common/target/classes
2025-12-17 11:52:46,884 [Worker-32: Building] INFO  o.e.m.c.i.p.WorkspaceClassifierResolverManager - Resolving P/productosmodule: com.pazzioliweb:productosmodule:1.0-SNAPSHOT with classifier  to /productosmodule/target/classes
2025-12-17 11:52:47,209 [Worker-32: Building] INFO  o.e.m.c.i.l.LifecycleMappingFactory - Using org.eclipse.m2e.jdt.JarLifecycleMapping lifecycle mapping for MavenProject: com.pazzioliweb:auth:1.0-SNAPSHOT @ C:\Users\Espinosa Delgado\Documents\JUAN\CAV\pazzioliweb\pazzioli-web-backend\auth\pom.xml.
2025-12-17 11:52:47,256 [Worker-32: Building] INFO  o.e.m.c.i.p.WorkspaceClassifierResolverManager - Resolving P/common: com.pazzioliweb:common:1.0-SNAPSHOT with classifier  to /common/target/classes
2025-12-17 11:52:47,260 [Worker-32: Building] INFO  o.e.m.c.i.p.WorkspaceClassifierResolverManager - Resolving P/empresas: com.pazzioliweb:empresas:1.0-SNAPSHOT with classifier  to /empresas/target/classes
2025-12-17 11:52:47,261 [Worker-32: Building] INFO  o.e.m.c.i.p.WorkspaceClassifierResolverManager - Resolving P/productosmodule: com.pazzioliweb:productosmodule:1.0-SNAPSHOT with classifier  to /productosmodule/target/classes
2025-12-17 11:52:47,515 [Worker-32: Building] INFO  o.e.m.c.i.l.LifecycleMappingFactory - Using org.eclipse.m2e.jdt.JarLifecycleMapping lifecycle mapping for MavenProject: com.pazzioliweb:facturacionmodule:1.0-SNAPSHOT @ C:\Users\Espinosa Delgado\Documents\JUAN\CAV\pazzioliweb\pazzioli-web-backend\facturacionmodule\pom.xml.
2025-12-17 11:52:47,532 [Worker-32: Building] INFO  o.e.m.c.i.p.WorkspaceClassifierResolverManager - Resolving P/common: com.pazzioliweb:common:1.0-SNAPSHOT with classifier  to /common/target/classes
2025-12-17 11:52:47,535 [Worker-32: Building] INFO  o.e.m.c.i.p.WorkspaceClassifierResolverManager - Resolving P/empresas: com.pazzioliweb:empresas:1.0-SNAPSHOT with classifier  to /empresas/target/classes
2025-12-17 11:52:47,537 [Worker-32: Building] INFO  o.e.m.c.i.p.WorkspaceClassifierResolverManager - Resolving P/productosmodule: com.pazzioliweb:productosmodule:1.0-SNAPSHOT with classifier  to /productosmodule/target/classes
2025-12-17 11:52:47,538 [Worker-32: Building] INFO  o.e.m.c.i.p.WorkspaceClassifierResolverManager - Resolving P/metodospagomodule: com.pazzioliweb:metodospagomodule:1.0-SNAPSHOT with classifier  to /metodospagomodule/target/classes
2025-12-17 11:52:47,837 [Worker-32: Building] INFO  o.e.m.c.i.l.LifecycleMappingFactory - Using org.eclipse.m2e.jdt.JarLifecycleMapping lifecycle mapping for MavenProject: com.pazzioliweb:web:1.0-SNAPSHOT @ C:\Users\Espinosa Delgado\Documents\JUAN\CAV\pazzioliweb\pazzioli-web-backend\web\pom.xml.
2025-12-17 11:52:47,877 [Worker-32: Building] INFO  o.e.m.c.i.p.WorkspaceClassifierResolverManager - Resolving P/auth: com.pazzioliweb:auth:1.0-SNAPSHOT with classifier  to /auth/target/classes
2025-12-17 11:52:47,882 [Worker-32: Building] INFO  o.e.m.c.i.p.WorkspaceClassifierResolverManager - Resolving P/common: com.pazzioliweb:common:1.0-SNAPSHOT with classifier  to /common/target/classes
2025-12-17 11:52:47,893 [Worker-32: Building] INFO  o.e.m.c.i.p.WorkspaceClassifierResolverManager - Resolving P/productosmodule: com.pazzioliweb:productosmodule:1.0-SNAPSHOT with classifier  to /productosmodule/target/classes
2025-12-17 11:52:47,895 [Worker-32: Building] INFO  o.e.m.c.i.p.WorkspaceClassifierResolverManager - Resolving P/empresas: com.pazzioliweb:empresas:1.0-SNAPSHOT with classifier  to /empresas/target/classes
2025-12-17 11:52:47,895 [Worker-32: Building] INFO  o.e.m.c.i.p.WorkspaceClassifierResolverManager - Resolving P/facturacionmodule: com.pazzioliweb:facturacionmodule:1.0-SNAPSHOT with classifier  to /facturacionmodule/target/classes
2025-12-17 11:52:47,896 [Worker-32: Building] INFO  o.e.m.c.i.p.WorkspaceClassifierResolverManager - Resolving P/comprobantesmodule: com.pazzioliweb:comprobantesmodule:1.0-SNAPSHOT with classifier  to /comprobantesmodule/target/classes
2025-12-17 11:52:47,897 [Worker-32: Building] INFO  o.e.m.c.i.p.WorkspaceClassifierResolverManager - Resolving P/cajasmodule: com.pazzioliweb:cajasmodule:1.0-SNAPSHOT with classifier  to /cajasmodule/target/classes
2025-12-17 11:52:47,898 [Worker-32: Building] INFO  o.e.m.c.i.p.WorkspaceClassifierResolverManager - Resolving P/metodospagomodule: com.pazzioliweb:metodospagomodule:1.0-SNAPSHOT with classifier  to /metodospagomodule/target/classes
2025-12-17 11:52:48,204 [Worker-32: Building] INFO  o.e.m.c.i.l.LifecycleMappingFactory - Using org.eclipse.m2e.jdt.JarLifecycleMapping lifecycle mapping for MavenProject: com.pazzioliweb:movimientosinventariomodule:1.0-SNAPSHOT @ C:\Users\Espinosa Delgado\Documents\JUAN\CAV\pazzioliweb\pazzioli-web-backend\movimientosinventariomodule\pom.xml.
2025-12-17 11:52:48,210 [Worker-32: Building] INFO  o.e.m.c.i.p.WorkspaceClassifierResolverManager - Resolving P/productosmodule: com.pazzioliweb:productosmodule:1.0-SNAPSHOT with classifier  to /productosmodule/target/classes
2025-12-17 11:52:48,211 [Worker-32: Building] INFO  o.e.m.c.i.p.WorkspaceClassifierResolverManager - Resolving P/common: com.pazzioliweb:common:1.0-SNAPSHOT with classifier  to /common/target/classes
2025-12-17 11:52:48,214 [Worker-32: Building] INFO  o.e.m.c.i.p.WorkspaceClassifierResolverManager - Resolving P/comprobantesmodule: com.pazzioliweb:comprobantesmodule:1.0-SNAPSHOT with classifier  to /comprobantesmodule/target/classes
2025-12-17 11:52:49,390 [Worker-32: Building] WARN  o.a.m.s.f.DefaultMavenResourcesFiltering - Using platform encoding (UTF-8 actually) to copy filtered resources, i.e. build is platform dependent!
2025-12-17 11:52:49,391 [Worker-32: Building] INFO  o.a.m.s.f.DefaultMavenResourcesFiltering - skip non existing resourceDirectory C:\Users\Espinosa Delgado\Documents\JUAN\CAV\pazzioliweb\pazzioli-web-backend\productosmodule\src\main\resources
2025-12-17 11:52:49,394 [Worker-32: Building] WARN  o.a.m.s.f.DefaultMavenResourcesFiltering - Using platform encoding (UTF-8 actually) to copy filtered resources, i.e. build is platform dependent!
2025-12-17 11:52:49,395 [Worker-32: Building] INFO  o.a.m.s.f.DefaultMavenResourcesFiltering - skip non existing resourceDirectory C:\Users\Espinosa Delgado\Documents\JUAN\CAV\pazzioliweb\pazzioli-web-backend\productosmodule\src\test\resources
2025-12-17 11:52:49,417 [Worker-32: Building] WARN  o.apache.maven.project.MavenProject - Direct modification of compileSourceRoots through clear() is deprecated and will not work in Maven 4.0.0. Please use the add/remove methods instead. If you're using a plugin that causes this warning, please upgrade to the latest version and report an issue if the warning persists. To disable these warnings, set -Dmaven.project.sourceRoots.warningsDisabled=true on the command line, in the .mvn/maven.config file, or in project POM properties.
2025-12-17 11:52:49,418 [Worker-32: Building] WARN  o.apache.maven.project.MavenProject - Direct modification of compileSourceRoots through add() is deprecated and will not work in Maven 4.0.0. Please use the add/remove methods instead. If you're using a plugin that causes this warning, please upgrade to the latest version and report an issue if the warning persists. To disable these warnings, set -Dmaven.project.sourceRoots.warningsDisabled=true on the command line, in the .mvn/maven.config file, or in project POM properties.
2025-12-17 11:52:49,418 [Worker-32: Building] WARN  o.apache.maven.project.MavenProject - Direct modification of testCompileSourceRoots through clear() is deprecated and will not work in Maven 4.0.0. Please use the add/remove methods instead. If you're using a plugin that causes this warning, please upgrade to the latest version and report an issue if the warning persists. To disable these warnings, set -Dmaven.project.sourceRoots.warningsDisabled=true on the command line, in the .mvn/maven.config file, or in project POM properties.
2025-12-17 11:52:49,419 [Worker-32: Building] WARN  o.apache.maven.project.MavenProject - Direct modification of testCompileSourceRoots through add() is deprecated and will not work in Maven 4.0.0. Please use the add/remove methods instead. If you're using a plugin that causes this warning, please upgrade to the latest version and report an issue if the warning persists. To disable these warnings, set -Dmaven.project.sourceRoots.warningsDisabled=true on the command line, in the .mvn/maven.config file, or in project POM properties.
2025-12-17 11:52:51,043 [Worker-25: Building] WARN  o.a.m.s.f.DefaultMavenResourcesFiltering - Using platform encoding (UTF-8 actually) to copy filtered resources, i.e. build is platform dependent!
2025-12-17 11:52:51,045 [Worker-25: Building] INFO  o.a.m.s.f.DefaultMavenResourcesFiltering - skip non existing resourceDirectory C:\Users\Espinosa Delgado\Documents\JUAN\CAV\pazzioliweb\pazzioli-web-backend\auth\src\main\resources
2025-12-17 11:52:51,049 [Worker-25: Building] WARN  o.a.m.s.f.DefaultMavenResourcesFiltering - Using platform encoding (UTF-8 actually) to copy filtered resources, i.e. build is platform dependent!
2025-12-17 11:52:51,051 [Worker-25: Building] INFO  o.a.m.s.f.DefaultMavenResourcesFiltering - skip non existing resourceDirectory C:\Users\Espinosa Delgado\Documents\JUAN\CAV\pazzioliweb\pazzioli-web-backend\auth\src\test\resources
2025-12-17 11:52:51,072 [Worker-25: Building] WARN  o.apache.maven.project.MavenProject - Direct modification of compileSourceRoots through clear() is deprecated and will not work in Maven 4.0.0. Please use the add/remove methods instead. If you're using a plugin that causes this warning, please upgrade to the latest version and report an issue if the warning persists. To disable these warnings, set -Dmaven.project.sourceRoots.warningsDisabled=true on the command line, in the .mvn/maven.config file, or in project POM properties.
2025-12-17 11:52:51,073 [Worker-25: Building] WARN  o.apache.maven.project.MavenProject - Direct modification of compileSourceRoots through add() is deprecated and will not work in Maven 4.0.0. Please use the add/remove methods instead. If you're using a plugin that causes this warning, please upgrade to the latest version and report an issue if the warning persists. To disable these warnings, set -Dmaven.project.sourceRoots.warningsDisabled=true on the command line, in the .mvn/maven.config file, or in project POM properties.
2025-12-17 11:52:51,074 [Worker-25: Building] WARN  o.apache.maven.project.MavenProject - Direct modification of testCompileSourceRoots through clear() is deprecated and will not work in Maven 4.0.0. Please use the add/remove methods instead. If you're using a plugin that causes this warning, please upgrade to the latest version and report an issue if the warning persists. To disable these warnings, set -Dmaven.project.sourceRoots.warningsDisabled=true on the command line, in the .mvn/maven.config file, or in project POM properties.
2025-12-17 11:52:51,075 [Worker-25: Building] WARN  o.apache.maven.project.MavenProject - Direct modification of testCompileSourceRoots through add() is deprecated and will not work in Maven 4.0.0. Please use the add/remove methods instead. If you're using a plugin that causes this warning, please upgrade to the latest version and report an issue if the warning persists. To disable these warnings, set -Dmaven.project.sourceRoots.warningsDisabled=true on the command line, in the .mvn/maven.config file, or in project POM properties.
2025-12-17 11:52:51,342 [Worker-25: Building] WARN  o.a.m.s.f.DefaultMavenResourcesFiltering - Using platform encoding (UTF-8 actually) to copy filtered resources, i.e. build is platform dependent!
2025-12-17 11:52:51,344 [Worker-25: Building] INFO  o.a.m.s.f.DefaultMavenResourcesFiltering - skip non existing resourceDirectory C:\Users\Espinosa Delgado\Documents\JUAN\CAV\pazzioliweb\pazzioli-web-backend\empresas\src\main\resources
2025-12-17 11:52:51,347 [Worker-25: Building] WARN  o.a.m.s.f.DefaultMavenResourcesFiltering - Using platform encoding (UTF-8 actually) to copy filtered resources, i.e. build is platform dependent!
2025-12-17 11:52:51,349 [Worker-25: Building] INFO  o.a.m.s.f.DefaultMavenResourcesFiltering - skip non existing resourceDirectory C:\Users\Espinosa Delgado\Documents\JUAN\CAV\pazzioliweb\pazzioli-web-backend\empresas\src\test\resources
2025-12-17 11:52:51,372 [Worker-25: Building] WARN  o.apache.maven.project.MavenProject - Direct modification of compileSourceRoots through clear() is deprecated and will not work in Maven 4.0.0. Please use the add/remove methods instead. If you're using a plugin that causes this warning, please upgrade to the latest version and report an issue if the warning persists. To disable these warnings, set -Dmaven.project.sourceRoots.warningsDisabled=true on the command line, in the .mvn/maven.config file, or in project POM properties.
2025-12-17 11:52:51,374 [Worker-25: Building] WARN  o.apache.maven.project.MavenProject - Direct modification of compileSourceRoots through add() is deprecated and will not work in Maven 4.0.0. Please use the add/remove methods instead. If you're using a plugin that causes this warning, please upgrade to the latest version and report an issue if the warning persists. To disable these warnings, set -Dmaven.project.sourceRoots.warningsDisabled=true on the command line, in the .mvn/maven.config file, or in project POM properties.
2025-12-17 11:52:51,376 [Worker-25: Building] WARN  o.apache.maven.project.MavenProject - Direct modification of testCompileSourceRoots through clear() is deprecated and will not work in Maven 4.0.0. Please use the add/remove methods instead. If you're using a plugin that causes this warning, please upgrade to the latest version and report an issue if the warning persists. To disable these warnings, set -Dmaven.project.sourceRoots.warningsDisabled=true on the command line, in the .mvn/maven.config file, or in project POM properties.
2025-12-17 11:52:51,378 [Worker-25: Building] WARN  o.apache.maven.project.MavenProject - Direct modification of testCompileSourceRoots through add() is deprecated and will not work in Maven 4.0.0. Please use the add/remove methods instead. If you're using a plugin that causes this warning, please upgrade to the latest version and report an issue if the warning persists. To disable these warnings, set -Dmaven.project.sourceRoots.warningsDisabled=true on the command line, in the .mvn/maven.config file, or in project POM properties.
2025-12-17 11:52:51,614 [Worker-25: Building] WARN  o.a.m.s.f.DefaultMavenResourcesFiltering - Using platform encoding (UTF-8 actually) to copy filtered resources, i.e. build is platform dependent!
2025-12-17 11:52:51,618 [Worker-25: Building] INFO  o.a.m.s.f.DefaultMavenResourcesFiltering - Copying 0 resource from src\main\resources to target\classes
2025-12-17 11:52:51,623 [Worker-25: Building] WARN  o.a.m.s.f.DefaultMavenResourcesFiltering - Using platform encoding (UTF-8 actually) to copy filtered resources, i.e. build is platform dependent!
2025-12-17 11:52:51,625 [Worker-25: Building] INFO  o.a.m.s.f.DefaultMavenResourcesFiltering - Copying 0 resource from src\test\resources to target\test-classes
2025-12-17 11:52:51,656 [Worker-25: Building] WARN  o.apache.maven.project.MavenProject - Direct modification of compileSourceRoots through clear() is deprecated and will not work in Maven 4.0.0. Please use the add/remove methods instead. If you're using a plugin that causes this warning, please upgrade to the latest version and report an issue if the warning persists. To disable these warnings, set -Dmaven.project.sourceRoots.warningsDisabled=true on the command line, in the .mvn/maven.config file, or in project POM properties.
2025-12-17 11:52:51,658 [Worker-25: Building] WARN  o.apache.maven.project.MavenProject - Direct modification of compileSourceRoots through add() is deprecated and will not work in Maven 4.0.0. Please use the add/remove methods instead. If you're using a plugin that causes this warning, please upgrade to the latest version and report an issue if the warning persists. To disable these warnings, set -Dmaven.project.sourceRoots.warningsDisabled=true on the command line, in the .mvn/maven.config file, or in project POM properties.
2025-12-17 11:52:51,660 [Worker-25: Building] WARN  o.apache.maven.project.MavenProject - Direct modification of testCompileSourceRoots through clear() is deprecated and will not work in Maven 4.0.0. Please use the add/remove methods instead. If you're using a plugin that causes this warning, please upgrade to the latest version and report an issue if the warning persists. To disable these warnings, set -Dmaven.project.sourceRoots.warningsDisabled=true on the command line, in the .mvn/maven.config file, or in project POM properties.
2025-12-17 11:52:51,661 [Worker-25: Building] WARN  o.apache.maven.project.MavenProject - Direct modification of testCompileSourceRoots through add() is deprecated and will not work in Maven 4.0.0. Please use the add/remove methods instead. If you're using a plugin that causes this warning, please upgrade to the latest version and report an issue if the warning persists. To disable these warnings, set -Dmaven.project.sourceRoots.warningsDisabled=true on the command line, in the .mvn/maven.config file, or in project POM properties.
2025-12-17 11:52:52,037 [Worker-25: Building] WARN  o.a.m.s.f.DefaultMavenResourcesFiltering - Using platform encoding (UTF-8 actually) to copy filtered resources, i.e. build is platform dependent!
2025-12-17 11:52:52,038 [Worker-25: Building] INFO  o.a.m.s.f.DefaultMavenResourcesFiltering - Copying 0 resource from src\main\resources to target\classes
2025-12-17 11:52:52,042 [Worker-25: Building] WARN  o.a.m.s.f.DefaultMavenResourcesFiltering - Using platform encoding (UTF-8 actually) to copy filtered resources, i.e. build is platform dependent!
2025-12-17 11:52:52,044 [Worker-25: Building] INFO  o.a.m.s.f.DefaultMavenResourcesFiltering - Copying 0 resource from src\test\resources to target\test-classes
2025-12-17 11:52:52,081 [Worker-25: Building] WARN  o.apache.maven.project.MavenProject - Direct modification of compileSourceRoots through clear() is deprecated and will not work in Maven 4.0.0. Please use the add/remove methods instead. If you're using a plugin that causes this warning, please upgrade to the latest version and report an issue if the warning persists. To disable these warnings, set -Dmaven.project.sourceRoots.warningsDisabled=true on the command line, in the .mvn/maven.config file, or in project POM properties.
2025-12-17 11:52:52,082 [Worker-25: Building] WARN  o.apache.maven.project.MavenProject - Direct modification of compileSourceRoots through add() is deprecated and will not work in Maven 4.0.0. Please use the add/remove methods instead. If you're using a plugin that causes this warning, please upgrade to the latest version and report an issue if the warning persists. To disable these warnings, set -Dmaven.project.sourceRoots.warningsDisabled=true on the command line, in the .mvn/maven.config file, or in project POM properties.
2025-12-17 11:52:52,084 [Worker-25: Building] WARN  o.apache.maven.project.MavenProject - Direct modification of testCompileSourceRoots through clear() is deprecated and will not work in Maven 4.0.0. Please use the add/remove methods instead. If you're using a plugin that causes this warning, please upgrade to the latest version and report an issue if the warning persists. To disable these warnings, set -Dmaven.project.sourceRoots.warningsDisabled=true on the command line, in the .mvn/maven.config file, or in project POM properties.
2025-12-17 11:52:52,086 [Worker-25: Building] WARN  o.apache.maven.project.MavenProject - Direct modification of testCompileSourceRoots through add() is deprecated and will not work in Maven 4.0.0. Please use the add/remove methods instead. If you're using a plugin that causes this warning, please upgrade to the latest version and report an issue if the warning persists. To disable these warnings, set -Dmaven.project.sourceRoots.warningsDisabled=true on the command line, in the .mvn/maven.config file, or in project POM properties.
2025-12-17 11:52:53,537 [Worker-4: Building] WARN  o.a.m.s.f.DefaultMavenResourcesFiltering - Using platform encoding (UTF-8 actually) to copy filtered resources, i.e. build is platform dependent!
2025-12-17 11:52:53,539 [Worker-4: Building] INFO  o.a.m.s.f.DefaultMavenResourcesFiltering - skip non existing resourceDirectory C:\Users\Espinosa Delgado\Documents\JUAN\CAV\pazzioliweb\pazzioli-web-backend\productosmodule\src\main\resources
2025-12-17 11:52:53,544 [Worker-4: Building] WARN  o.a.m.s.f.DefaultMavenResourcesFiltering - Using platform encoding (UTF-8 actually) to copy filtered resources, i.e. build is platform dependent!
2025-12-17 11:52:53,546 [Worker-4: Building] INFO  o.a.m.s.f.DefaultMavenResourcesFiltering - skip non existing resourceDirectory C:\Users\Espinosa Delgado\Documents\JUAN\CAV\pazzioliweb\pazzioli-web-backend\productosmodule\src\test\resources
2025-12-17 11:52:53,582 [Worker-4: Building] WARN  o.apache.maven.project.MavenProject - Direct modification of compileSourceRoots through clear() is deprecated and will not work in Maven 4.0.0. Please use the add/remove methods instead. If you're using a plugin that causes this warning, please upgrade to the latest version and report an issue if the warning persists. To disable these warnings, set -Dmaven.project.sourceRoots.warningsDisabled=true on the command line, in the .mvn/maven.config file, or in project POM properties.
2025-12-17 11:52:53,583 [Worker-4: Building] WARN  o.apache.maven.project.MavenProject - Direct modification of compileSourceRoots through add() is deprecated and will not work in Maven 4.0.0. Please use the add/remove methods instead. If you're using a plugin that causes this warning, please upgrade to the latest version and report an issue if the warning persists. To disable these warnings, set -Dmaven.project.sourceRoots.warningsDisabled=true on the command line, in the .mvn/maven.config file, or in project POM properties.
2025-12-17 11:52:53,584 [Worker-4: Building] WARN  o.apache.maven.project.MavenProject - Direct modification of testCompileSourceRoots through clear() is deprecated and will not work in Maven 4.0.0. Please use the add/remove methods instead. If you're using a plugin that causes this warning, please upgrade to the latest version and report an issue if the warning persists. To disable these warnings, set -Dmaven.project.sourceRoots.warningsDisabled=true on the command line, in the .mvn/maven.config file, or in project POM properties.
2025-12-17 11:52:53,585 [Worker-4: Building] WARN  o.apache.maven.project.MavenProject - Direct modification of testCompileSourceRoots through add() is deprecated and will not work in Maven 4.0.0. Please use the add/remove methods instead. If you're using a plugin that causes this warning, please upgrade to the latest version and report an issue if the warning persists. To disable these warnings, set -Dmaven.project.sourceRoots.warningsDisabled=true on the command line, in the .mvn/maven.config file, or in project POM properties.
2025-12-17 11:52:55,075 [Worker-20: Building] INFO  o.e.m.c.i.l.LifecycleMappingFactory - Using org.eclipse.m2e.jdt.JarLifecycleMapping lifecycle mapping for MavenProject: com.pazzioliweb:tercerosmodule:1.0-SNAPSHOT @ C:\Users\Espinosa Delgado\Documents\JUAN\CAV\pazzioliweb\pazzioli-web-backend\tercerosmodule\pom.xml.
2025-12-17 11:52:55,541 [Worker-20: Building] INFO  o.e.m.c.i.p.WorkspaceClassifierResolverManager - Resolving P/common: com.pazzioliweb:common:1.0-SNAPSHOT with classifier  to /common/target/classes
2025-12-17 11:52:55,550 [Worker-20: Building] INFO  o.e.m.c.i.p.WorkspaceClassifierResolverManager - Resolving P/empresas: com.pazzioliweb:empresas:1.0-SNAPSHOT with classifier  to /empresas/target/classes
2025-12-17 11:52:55,550 [Worker-20: Building] INFO  o.e.m.c.i.p.WorkspaceClassifierResolverManager - Resolving P/productosmodule: com.pazzioliweb:productosmodule:1.0-SNAPSHOT with classifier  to /productosmodule/target/classes
2025-12-17 11:52:55,774 [Worker-20: Building] INFO  o.e.m.c.i.l.LifecycleMappingFactory - Using org.eclipse.m2e.jdt.JarLifecycleMapping lifecycle mapping for MavenProject: com.pazzioliweb:facturacionmodule:1.0-SNAPSHOT @ C:\Users\Espinosa Delgado\Documents\JUAN\CAV\pazzioliweb\pazzioli-web-backend\facturacionmodule\pom.xml.
2025-12-17 11:52:55,790 [Worker-20: Building] INFO  o.e.m.c.i.p.WorkspaceClassifierResolverManager - Resolving P/tercerosmodule: com.pazzioliweb:tercerosmodule:1.0-SNAPSHOT with classifier  to /tercerosmodule/target/classes
2025-12-17 11:52:55,791 [Worker-20: Building] INFO  o.e.m.c.i.p.WorkspaceClassifierResolverManager - Resolving P/common: com.pazzioliweb:common:1.0-SNAPSHOT with classifier  to /common/target/classes
2025-12-17 11:52:55,793 [Worker-20: Building] INFO  o.e.m.c.i.p.WorkspaceClassifierResolverManager - Resolving P/empresas: com.pazzioliweb:empresas:1.0-SNAPSHOT with classifier  to /empresas/target/classes
2025-12-17 11:52:55,794 [Worker-20: Building] INFO  o.e.m.c.i.p.WorkspaceClassifierResolverManager - Resolving P/productosmodule: com.pazzioliweb:productosmodule:1.0-SNAPSHOT with classifier  to /productosmodule/target/classes
2025-12-17 11:52:55,796 [Worker-20: Building] INFO  o.e.m.c.i.p.WorkspaceClassifierResolverManager - Resolving P/metodospagomodule: com.pazzioliweb:metodospagomodule:1.0-SNAPSHOT with classifier  to /metodospagomodule/target/classes
2025-12-17 11:52:56,044 [Worker-20: Building] INFO  o.e.m.c.i.l.LifecycleMappingFactory - Using org.eclipse.m2e.jdt.JarLifecycleMapping lifecycle mapping for MavenProject: com.pazzioliweb:web:1.0-SNAPSHOT @ C:\Users\Espinosa Delgado\Documents\JUAN\CAV\pazzioliweb\pazzioli-web-backend\web\pom.xml.
2025-12-17 11:52:56,081 [Worker-20: Building] INFO  o.e.m.c.i.p.WorkspaceClassifierResolverManager - Resolving P/auth: com.pazzioliweb:auth:1.0-SNAPSHOT with classifier  to /auth/target/classes
2025-12-17 11:52:56,084 [Worker-20: Building] INFO  o.e.m.c.i.p.WorkspaceClassifierResolverManager - Resolving P/common: com.pazzioliweb:common:1.0-SNAPSHOT with classifier  to /common/target/classes
2025-12-17 11:52:56,093 [Worker-20: Building] INFO  o.e.m.c.i.p.WorkspaceClassifierResolverManager - Resolving P/productosmodule: com.pazzioliweb:productosmodule:1.0-SNAPSHOT with classifier  to /productosmodule/target/classes
2025-12-17 11:52:56,094 [Worker-20: Building] INFO  o.e.m.c.i.p.WorkspaceClassifierResolverManager - Resolving P/empresas: com.pazzioliweb:empresas:1.0-SNAPSHOT with classifier  to /empresas/target/classes
2025-12-17 11:52:56,094 [Worker-20: Building] INFO  o.e.m.c.i.p.WorkspaceClassifierResolverManager - Resolving P/facturacionmodule: com.pazzioliweb:facturacionmodule:1.0-SNAPSHOT with classifier  to /facturacionmodule/target/classes
2025-12-17 11:52:56,094 [Worker-20: Building] INFO  o.e.m.c.i.p.WorkspaceClassifierResolverManager - Resolving P/tercerosmodule: com.pazzioliweb:tercerosmodule:1.0-SNAPSHOT with classifier  to /tercerosmodule/target/classes
2025-12-17 11:52:56,094 [Worker-20: Building] INFO  o.e.m.c.i.p.WorkspaceClassifierResolverManager - Resolving P/comprobantesmodule: com.pazzioliweb:comprobantesmodule:1.0-SNAPSHOT with classifier  to /comprobantesmodule/target/classes
2025-12-17 11:52:56,094 [Worker-20: Building] INFO  o.e.m.c.i.p.WorkspaceClassifierResolverManager - Resolving P/cajasmodule: com.pazzioliweb:cajasmodule:1.0-SNAPSHOT with classifier  to /cajasmodule/target/classes
2025-12-17 11:52:56,094 [Worker-20: Building] INFO  o.e.m.c.i.p.WorkspaceClassifierResolverManager - Resolving P/metodospagomodule: com.pazzioliweb:metodospagomodule:1.0-SNAPSHOT with classifier  to /metodospagomodule/target/classes
2025-12-17 11:52:56,521 [Worker-20: Building] WARN  o.a.m.s.f.DefaultMavenResourcesFiltering - Using platform encoding (UTF-8 actually) to copy filtered resources, i.e. build is platform dependent!
2025-12-17 11:52:56,522 [Worker-20: Building] INFO  o.a.m.s.f.DefaultMavenResourcesFiltering - Copying 0 resource from src\main\resources to target\classes
2025-12-17 11:52:56,525 [Worker-20: Building] WARN  o.a.m.s.f.DefaultMavenResourcesFiltering - Using platform encoding (UTF-8 actually) to copy filtered resources, i.e. build is platform dependent!
2025-12-17 11:52:56,526 [Worker-20: Building] INFO  o.a.m.s.f.DefaultMavenResourcesFiltering - Copying 0 resource from src\test\resources to target\test-classes
2025-12-17 11:52:56,542 [Worker-20: Building] WARN  o.apache.maven.project.MavenProject - Direct modification of compileSourceRoots through clear() is deprecated and will not work in Maven 4.0.0. Please use the add/remove methods instead. If you're using a plugin that causes this warning, please upgrade to the latest version and report an issue if the warning persists. To disable these warnings, set -Dmaven.project.sourceRoots.warningsDisabled=true on the command line, in the .mvn/maven.config file, or in project POM properties.
2025-12-17 11:52:56,543 [Worker-20: Building] WARN  o.apache.maven.project.MavenProject - Direct modification of compileSourceRoots through add() is deprecated and will not work in Maven 4.0.0. Please use the add/remove methods instead. If you're using a plugin that causes this warning, please upgrade to the latest version and report an issue if the warning persists. To disable these warnings, set -Dmaven.project.sourceRoots.warningsDisabled=true on the command line, in the .mvn/maven.config file, or in project POM properties.
2025-12-17 11:52:56,544 [Worker-20: Building] WARN  o.apache.maven.project.MavenProject - Direct modification of testCompileSourceRoots through clear() is deprecated and will not work in Maven 4.0.0. Please use the add/remove methods instead. If you're using a plugin that causes this warning, please upgrade to the latest version and report an issue if the warning persists. To disable these warnings, set -Dmaven.project.sourceRoots.warningsDisabled=true on the command line, in the .mvn/maven.config file, or in project POM properties.
2025-12-17 11:52:56,544 [Worker-20: Building] WARN  o.apache.maven.project.MavenProject - Direct modification of testCompileSourceRoots through add() is deprecated and will not work in Maven 4.0.0. Please use the add/remove methods instead. If you're using a plugin that causes this warning, please upgrade to the latest version and report an issue if the warning persists. To disable these warnings, set -Dmaven.project.sourceRoots.warningsDisabled=true on the command line, in the .mvn/maven.config file, or in project POM properties.
2025-12-17 11:52:57,495 [Worker-1: Building] WARN  o.a.m.s.f.DefaultMavenResourcesFiltering - Using platform encoding (UTF-8 actually) to copy filtered resources, i.e. build is platform dependent!
2025-12-17 11:52:57,497 [Worker-1: Building] INFO  o.a.m.s.f.DefaultMavenResourcesFiltering - Copying 0 resource from src\main\resources to target\classes
2025-12-17 11:52:57,500 [Worker-1: Building] WARN  o.a.m.s.f.DefaultMavenResourcesFiltering - Using platform encoding (UTF-8 actually) to copy filtered resources, i.e. build is platform dependent!
2025-12-17 11:52:57,501 [Worker-1: Building] INFO  o.a.m.s.f.DefaultMavenResourcesFiltering - Copying 0 resource from src\test\resources to target\test-classes
2025-12-17 11:52:57,518 [Worker-1: Building] WARN  o.apache.maven.project.MavenProject - Direct modification of compileSourceRoots through clear() is deprecated and will not work in Maven 4.0.0. Please use the add/remove methods instead. If you're using a plugin that causes this warning, please upgrade to the latest version and report an issue if the warning persists. To disable these warnings, set -Dmaven.project.sourceRoots.warningsDisabled=true on the command line, in the .mvn/maven.config file, or in project POM properties.
2025-12-17 11:52:57,519 [Worker-1: Building] WARN  o.apache.maven.project.MavenProject - Direct modification of compileSourceRoots through add() is deprecated and will not work in Maven 4.0.0. Please use the add/remove methods instead. If you're using a plugin that causes this warning, please upgrade to the latest version and report an issue if the warning persists. To disable these warnings, set -Dmaven.project.sourceRoots.warningsDisabled=true on the command line, in the .mvn/maven.config file, or in project POM properties.
2025-12-17 11:52:57,520 [Worker-1: Building] WARN  o.apache.maven.project.MavenProject - Direct modification of testCompileSourceRoots through clear() is deprecated and will not work in Maven 4.0.0. Please use the add/remove methods instead. If you're using a plugin that causes this warning, please upgrade to the latest version and report an issue if the warning persists. To disable these warnings, set -Dmaven.project.sourceRoots.warningsDisabled=true on the command line, in the .mvn/maven.config file, or in project POM properties.
2025-12-17 11:52:57,521 [Worker-1: Building] WARN  o.apache.maven.project.MavenProject - Direct modification of testCompileSourceRoots through add() is deprecated and will not work in Maven 4.0.0. Please use the add/remove methods instead. If you're using a plugin that causes this warning, please upgrade to the latest version and report an issue if the warning persists. To disable these warnings, set -Dmaven.project.sourceRoots.warningsDisabled=true on the command line, in the .mvn/maven.config file, or in project POM properties.
2025-12-17 11:52:57,882 [Worker-1: Building] WARN  o.a.m.s.f.DefaultMavenResourcesFiltering - Using platform encoding (UTF-8 actually) to copy filtered resources, i.e. build is platform dependent!
2025-12-17 11:52:57,883 [Worker-1: Building] INFO  o.a.m.s.f.DefaultMavenResourcesFiltering - Copying 0 resource from src\main\resources to target\classes
2025-12-17 11:52:57,886 [Worker-1: Building] WARN  o.a.m.s.f.DefaultMavenResourcesFiltering - Using platform encoding (UTF-8 actually) to copy filtered resources, i.e. build is platform dependent!
2025-12-17 11:52:57,888 [Worker-1: Building] INFO  o.a.m.s.f.DefaultMavenResourcesFiltering - Copying 0 resource from src\test\resources to target\test-classes
2025-12-17 11:52:57,908 [Worker-1: Building] WARN  o.apache.maven.project.MavenProject - Direct modification of compileSourceRoots through clear() is deprecated and will not work in Maven 4.0.0. Please use the add/remove methods instead. If you're using a plugin that causes this warning, please upgrade to the latest version and report an issue if the warning persists. To disable these warnings, set -Dmaven.project.sourceRoots.warningsDisabled=true on the command line, in the .mvn/maven.config file, or in project POM properties.
2025-12-17 11:52:57,909 [Worker-1: Building] WARN  o.apache.maven.project.MavenProject - Direct modification of compileSourceRoots through add() is deprecated and will not work in Maven 4.0.0. Please use the add/remove methods instead. If you're using a plugin that causes this warning, please upgrade to the latest version and report an issue if the warning persists. To disable these warnings, set -Dmaven.project.sourceRoots.warningsDisabled=true on the command line, in the .mvn/maven.config file, or in project POM properties.
2025-12-17 11:52:57,910 [Worker-1: Building] WARN  o.apache.maven.project.MavenProject - Direct modification of testCompileSourceRoots through clear() is deprecated and will not work in Maven 4.0.0. Please use the add/remove methods instead. If you're using a plugin that causes this warning, please upgrade to the latest version and report an issue if the warning persists. To disable these warnings, set -Dmaven.project.sourceRoots.warningsDisabled=true on the command line, in the .mvn/maven.config file, or in project POM properties.
2025-12-17 11:52:57,911 [Worker-1: Building] WARN  o.apache.maven.project.MavenProject - Direct modification of testCompileSourceRoots through add() is deprecated and will not work in Maven 4.0.0. Please use the add/remove methods instead. If you're using a plugin that causes this warning, please upgrade to the latest version and report an issue if the warning persists. To disable these warnings, set -Dmaven.project.sourceRoots.warningsDisabled=true on the command line, in the .mvn/maven.config file, or in project POM properties.
2025-12-17 11:52:58,299 [Worker-1: Building] INFO  o.e.m.c.i.l.LifecycleMappingFactory - Using org.eclipse.m2e.jdt.JarLifecycleMapping lifecycle mapping for MavenProject: com.pazzioliweb:usuarios:1.0-SNAPSHOT @ C:\Users\Espinosa Delgado\Documents\JUAN\CAV\pazzioliweb\pazzioli-web-backend\usuarios\pom.xml.
2025-12-17 11:52:58,591 [Worker-1: Building] INFO  o.e.m.c.i.p.WorkspaceClassifierResolverManager - Resolving P/common: com.pazzioliweb:common:1.0-SNAPSHOT with classifier  to /common/target/classes
2025-12-17 11:52:58,796 [Worker-1: Building] INFO  o.e.m.c.i.l.LifecycleMappingFactory - Using org.eclipse.m2e.jdt.JarLifecycleMapping lifecycle mapping for MavenProject: com.pazzioliweb:cajasmodule:1.0-SNAPSHOT @ C:\Users\Espinosa Delgado\Documents\JUAN\CAV\pazzioliweb\pazzioli-web-backend\cajasmodule\pom.xml.
2025-12-17 11:52:58,813 [Worker-1: Building] INFO  o.e.m.c.i.p.WorkspaceClassifierResolverManager - Resolving P/comprobantesmodule: com.pazzioliweb:comprobantesmodule:1.0-SNAPSHOT with classifier  to /comprobantesmodule/target/classes
2025-12-17 11:52:58,813 [Worker-1: Building] INFO  o.e.m.c.i.p.WorkspaceClassifierResolverManager - Resolving P/usuarios: com.pazzioliweb:usuarios:1.0-SNAPSHOT with classifier  to /usuarios/target/classes
2025-12-17 11:52:58,813 [Worker-1: Building] INFO  o.e.m.c.i.p.WorkspaceClassifierResolverManager - Resolving P/common: com.pazzioliweb:common:1.0-SNAPSHOT with classifier  to /common/target/classes
2025-12-17 11:52:59,172 [Worker-1: Building] INFO  o.e.m.c.i.l.LifecycleMappingFactory - Using org.eclipse.m2e.jdt.JarLifecycleMapping lifecycle mapping for MavenProject: com.pazzioliweb:productosmodule:1.0-SNAPSHOT @ C:\Users\Espinosa Delgado\Documents\JUAN\CAV\pazzioliweb\pazzioli-web-backend\productosmodule\pom.xml.
2025-12-17 11:52:59,186 [Worker-1: Building] INFO  o.e.m.c.i.p.WorkspaceClassifierResolverManager - Resolving P/common: com.pazzioliweb:common:1.0-SNAPSHOT with classifier  to /common/target/classes
2025-12-17 11:52:59,200 [Worker-1: Building] INFO  o.e.m.c.i.p.WorkspaceClassifierResolverManager - Resolving P/usuarios: com.pazzioliweb:usuarios:1.0-SNAPSHOT with classifier  to /usuarios/target/classes
2025-12-17 11:52:59,510 [Worker-1: Building] INFO  o.e.m.c.i.l.LifecycleMappingFactory - Using org.eclipse.m2e.jdt.JarLifecycleMapping lifecycle mapping for MavenProject: com.pazzioliweb:empresas:1.0-SNAPSHOT @ C:\Users\Espinosa Delgado\Documents\JUAN\CAV\pazzioliweb\pazzioli-web-backend\empresas\pom.xml.
2025-12-17 11:52:59,526 [Worker-1: Building] INFO  o.e.m.c.i.p.WorkspaceClassifierResolverManager - Resolving P/common: com.pazzioliweb:common:1.0-SNAPSHOT with classifier  to /common/target/classes
2025-12-17 11:52:59,542 [Worker-1: Building] INFO  o.e.m.c.i.p.WorkspaceClassifierResolverManager - Resolving P/usuarios: com.pazzioliweb:usuarios:1.0-SNAPSHOT with classifier  to /usuarios/target/classes
2025-12-17 11:52:59,543 [Worker-1: Building] INFO  o.e.m.c.i.p.WorkspaceClassifierResolverManager - Resolving P/productosmodule: com.pazzioliweb:productosmodule:1.0-SNAPSHOT with classifier  to /productosmodule/target/classes
2025-12-17 11:52:59,789 [Worker-1: Building] INFO  o.e.m.c.i.l.LifecycleMappingFactory - Using org.eclipse.m2e.jdt.JarLifecycleMapping lifecycle mapping for MavenProject: com.pazzioliweb:auth:1.0-SNAPSHOT @ C:\Users\Espinosa Delgado\Documents\JUAN\CAV\pazzioliweb\pazzioli-web-backend\auth\pom.xml.
2025-12-17 11:52:59,814 [Worker-1: Building] INFO  o.e.m.c.i.p.WorkspaceClassifierResolverManager - Resolving P/common: com.pazzioliweb:common:1.0-SNAPSHOT with classifier  to /common/target/classes
2025-12-17 11:52:59,818 [Worker-1: Building] INFO  o.e.m.c.i.p.WorkspaceClassifierResolverManager - Resolving P/empresas: com.pazzioliweb:empresas:1.0-SNAPSHOT with classifier  to /empresas/target/classes
2025-12-17 11:52:59,818 [Worker-1: Building] INFO  o.e.m.c.i.p.WorkspaceClassifierResolverManager - Resolving P/productosmodule: com.pazzioliweb:productosmodule:1.0-SNAPSHOT with classifier  to /productosmodule/target/classes
2025-12-17 11:52:59,818 [Worker-1: Building] INFO  o.e.m.c.i.p.WorkspaceClassifierResolverManager - Resolving P/usuarios: com.pazzioliweb:usuarios:1.0-SNAPSHOT with classifier  to /usuarios/target/classes
2025-12-17 11:53:00,032 [Worker-1: Building] INFO  o.e.m.c.i.l.LifecycleMappingFactory - Using org.eclipse.m2e.jdt.JarLifecycleMapping lifecycle mapping for MavenProject: com.pazzioliweb:movimientosinventariomodule:1.0-SNAPSHOT @ C:\Users\Espinosa Delgado\Documents\JUAN\CAV\pazzioliweb\pazzioli-web-backend\movimientosinventariomodule\pom.xml.
2025-12-17 11:53:00,040 [Worker-1: Building] INFO  o.e.m.c.i.p.WorkspaceClassifierResolverManager - Resolving P/productosmodule: com.pazzioliweb:productosmodule:1.0-SNAPSHOT with classifier  to /productosmodule/target/classes
2025-12-17 11:53:00,040 [Worker-1: Building] INFO  o.e.m.c.i.p.WorkspaceClassifierResolverManager - Resolving P/common: com.pazzioliweb:common:1.0-SNAPSHOT with classifier  to /common/target/classes
2025-12-17 11:53:00,045 [Worker-1: Building] INFO  o.e.m.c.i.p.WorkspaceClassifierResolverManager - Resolving P/comprobantesmodule: com.pazzioliweb:comprobantesmodule:1.0-SNAPSHOT with classifier  to /comprobantesmodule/target/classes
2025-12-17 11:53:00,045 [Worker-1: Building] INFO  o.e.m.c.i.p.WorkspaceClassifierResolverManager - Resolving P/usuarios: com.pazzioliweb:usuarios:1.0-SNAPSHOT with classifier  to /usuarios/target/classes
2025-12-17 11:53:00,277 [Worker-1: Building] INFO  o.e.m.c.i.l.LifecycleMappingFactory - Using org.eclipse.m2e.jdt.JarLifecycleMapping lifecycle mapping for MavenProject: com.pazzioliweb:tercerosmodule:1.0-SNAPSHOT @ C:\Users\Espinosa Delgado\Documents\JUAN\CAV\pazzioliweb\pazzioli-web-backend\tercerosmodule\pom.xml.
2025-12-17 11:53:00,284 [Worker-1: Building] INFO  o.e.m.c.i.p.WorkspaceClassifierResolverManager - Resolving P/common: com.pazzioliweb:common:1.0-SNAPSHOT with classifier  to /common/target/classes
2025-12-17 11:53:00,295 [Worker-1: Building] INFO  o.e.m.c.i.p.WorkspaceClassifierResolverManager - Resolving P/empresas: com.pazzioliweb:empresas:1.0-SNAPSHOT with classifier  to /empresas/target/classes
2025-12-17 11:53:00,296 [Worker-1: Building] INFO  o.e.m.c.i.p.WorkspaceClassifierResolverManager - Resolving P/productosmodule: com.pazzioliweb:productosmodule:1.0-SNAPSHOT with classifier  to /productosmodule/target/classes
2025-12-17 11:53:00,296 [Worker-1: Building] INFO  o.e.m.c.i.p.WorkspaceClassifierResolverManager - Resolving P/usuarios: com.pazzioliweb:usuarios:1.0-SNAPSHOT with classifier  to /usuarios/target/classes
2025-12-17 11:53:00,538 [Worker-1: Building] INFO  o.e.m.c.i.l.LifecycleMappingFactory - Using org.eclipse.m2e.jdt.JarLifecycleMapping lifecycle mapping for MavenProject: com.pazzioliweb:facturacionmodule:1.0-SNAPSHOT @ C:\Users\Espinosa Delgado\Documents\JUAN\CAV\pazzioliweb\pazzioli-web-backend\facturacionmodule\pom.xml.
2025-12-17 11:53:00,556 [Worker-1: Building] INFO  o.e.m.c.i.p.WorkspaceClassifierResolverManager - Resolving P/tercerosmodule: com.pazzioliweb:tercerosmodule:1.0-SNAPSHOT with classifier  to /tercerosmodule/target/classes
2025-12-17 11:53:00,556 [Worker-1: Building] INFO  o.e.m.c.i.p.WorkspaceClassifierResolverManager - Resolving P/common: com.pazzioliweb:common:1.0-SNAPSHOT with classifier  to /common/target/classes
2025-12-17 11:53:00,559 [Worker-1: Building] INFO  o.e.m.c.i.p.WorkspaceClassifierResolverManager - Resolving P/empresas: com.pazzioliweb:empresas:1.0-SNAPSHOT with classifier  to /empresas/target/classes
2025-12-17 11:53:00,560 [Worker-1: Building] INFO  o.e.m.c.i.p.WorkspaceClassifierResolverManager - Resolving P/usuarios: com.pazzioliweb:usuarios:1.0-SNAPSHOT with classifier  to /usuarios/target/classes
2025-12-17 11:53:00,560 [Worker-1: Building] INFO  o.e.m.c.i.p.WorkspaceClassifierResolverManager - Resolving P/productosmodule: com.pazzioliweb:productosmodule:1.0-SNAPSHOT with classifier  to /productosmodule/target/classes
2025-12-17 11:53:00,561 [Worker-1: Building] INFO  o.e.m.c.i.p.WorkspaceClassifierResolverManager - Resolving P/metodospagomodule: com.pazzioliweb:metodospagomodule:1.0-SNAPSHOT with classifier  to /metodospagomodule/target/classes
2025-12-17 11:53:01,006 [Worker-1: Building] INFO  o.e.m.c.i.l.LifecycleMappingFactory - Using org.eclipse.m2e.jdt.JarLifecycleMapping lifecycle mapping for MavenProject: com.pazzioliweb:web:1.0-SNAPSHOT @ C:\Users\Espinosa Delgado\Documents\JUAN\CAV\pazzioliweb\pazzioli-web-backend\web\pom.xml.
2025-12-17 11:53:01,048 [Worker-1: Building] INFO  o.e.m.c.i.p.WorkspaceClassifierResolverManager - Resolving P/auth: com.pazzioliweb:auth:1.0-SNAPSHOT with classifier  to /auth/target/classes
2025-12-17 11:53:01,053 [Worker-1: Building] INFO  o.e.m.c.i.p.WorkspaceClassifierResolverManager - Resolving P/usuarios: com.pazzioliweb:usuarios:1.0-SNAPSHOT with classifier  to /usuarios/target/classes
2025-12-17 11:53:01,054 [Worker-1: Building] INFO  o.e.m.c.i.p.WorkspaceClassifierResolverManager - Resolving P/common: com.pazzioliweb:common:1.0-SNAPSHOT with classifier  to /common/target/classes
2025-12-17 11:53:01,067 [Worker-1: Building] INFO  o.e.m.c.i.p.WorkspaceClassifierResolverManager - Resolving P/productosmodule: com.pazzioliweb:productosmodule:1.0-SNAPSHOT with classifier  to /productosmodule/target/classes
2025-12-17 11:53:01,068 [Worker-1: Building] INFO  o.e.m.c.i.p.WorkspaceClassifierResolverManager - Resolving P/empresas: com.pazzioliweb:empresas:1.0-SNAPSHOT with classifier  to /empresas/target/classes
2025-12-17 11:53:01,068 [Worker-1: Building] INFO  o.e.m.c.i.p.WorkspaceClassifierResolverManager - Resolving P/facturacionmodule: com.pazzioliweb:facturacionmodule:1.0-SNAPSHOT with classifier  to /facturacionmodule/target/classes
2025-12-17 11:53:01,068 [Worker-1: Building] INFO  o.e.m.c.i.p.WorkspaceClassifierResolverManager - Resolving P/tercerosmodule: com.pazzioliweb:tercerosmodule:1.0-SNAPSHOT with classifier  to /tercerosmodule/target/classes
2025-12-17 11:53:01,069 [Worker-1: Building] INFO  o.e.m.c.i.p.WorkspaceClassifierResolverManager - Resolving P/comprobantesmodule: com.pazzioliweb:comprobantesmodule:1.0-SNAPSHOT with classifier  to /comprobantesmodule/target/classes
2025-12-17 11:53:01,069 [Worker-1: Building] INFO  o.e.m.c.i.p.WorkspaceClassifierResolverManager - Resolving P/cajasmodule: com.pazzioliweb:cajasmodule:1.0-SNAPSHOT with classifier  to /cajasmodule/target/classes
2025-12-17 11:53:01,069 [Worker-1: Building] INFO  o.e.m.c.i.p.WorkspaceClassifierResolverManager - Resolving P/metodospagomodule: com.pazzioliweb:metodospagomodule:1.0-SNAPSHOT with classifier  to /metodospagomodule/target/classes
2025-12-17 11:53:02,309 [Worker-1: Building] WARN  o.a.m.s.f.DefaultMavenResourcesFiltering - Using platform encoding (UTF-8 actually) to copy filtered resources, i.e. build is platform dependent!
2025-12-17 11:53:02,309 [Worker-1: Building] INFO  o.a.m.s.f.DefaultMavenResourcesFiltering - skip non existing resourceDirectory C:\Users\Espinosa Delgado\Documents\JUAN\CAV\pazzioliweb\pazzioli-web-backend\usuarios\src\main\resources
2025-12-17 11:53:02,312 [Worker-1: Building] WARN  o.a.m.s.f.DefaultMavenResourcesFiltering - Using platform encoding (UTF-8 actually) to copy filtered resources, i.e. build is platform dependent!
2025-12-17 11:53:02,312 [Worker-1: Building] INFO  o.a.m.s.f.DefaultMavenResourcesFiltering - skip non existing resourceDirectory C:\Users\Espinosa Delgado\Documents\JUAN\CAV\pazzioliweb\pazzioli-web-backend\usuarios\src\test\resources
2025-12-17 11:53:02,327 [Worker-1: Building] WARN  o.apache.maven.project.MavenProject - Direct modification of compileSourceRoots through clear() is deprecated and will not work in Maven 4.0.0. Please use the add/remove methods instead. If you're using a plugin that causes this warning, please upgrade to the latest version and report an issue if the warning persists. To disable these warnings, set -Dmaven.project.sourceRoots.warningsDisabled=true on the command line, in the .mvn/maven.config file, or in project POM properties.
2025-12-17 11:53:02,328 [Worker-1: Building] WARN  o.apache.maven.project.MavenProject - Direct modification of compileSourceRoots through add() is deprecated and will not work in Maven 4.0.0. Please use the add/remove methods instead. If you're using a plugin that causes this warning, please upgrade to the latest version and report an issue if the warning persists. To disable these warnings, set -Dmaven.project.sourceRoots.warningsDisabled=true on the command line, in the .mvn/maven.config file, or in project POM properties.
2025-12-17 11:53:02,329 [Worker-1: Building] WARN  o.apache.maven.project.MavenProject - Direct modification of testCompileSourceRoots through clear() is deprecated and will not work in Maven 4.0.0. Please use the add/remove methods instead. If you're using a plugin that causes this warning, please upgrade to the latest version and report an issue if the warning persists. To disable these warnings, set -Dmaven.project.sourceRoots.warningsDisabled=true on the command line, in the .mvn/maven.config file, or in project POM properties.
2025-12-17 11:53:02,329 [Worker-1: Building] WARN  o.apache.maven.project.MavenProject - Direct modification of testCompileSourceRoots through add() is deprecated and will not work in Maven 4.0.0. Please use the add/remove methods instead. If you're using a plugin that causes this warning, please upgrade to the latest version and report an issue if the warning persists. To disable these warnings, set -Dmaven.project.sourceRoots.warningsDisabled=true on the command line, in the .mvn/maven.config file, or in project POM properties.
2025-12-17 11:53:03,420 [Worker-19: Building] WARN  o.a.m.s.f.DefaultMavenResourcesFiltering - Using platform encoding (UTF-8 actually) to copy filtered resources, i.e. build is platform dependent!
2025-12-17 11:53:03,422 [Worker-19: Building] INFO  o.a.m.s.f.DefaultMavenResourcesFiltering - skip non existing resourceDirectory C:\Users\Espinosa Delgado\Documents\JUAN\CAV\pazzioliweb\pazzioli-web-backend\auth\src\main\resources
2025-12-17 11:53:03,426 [Worker-19: Building] WARN  o.a.m.s.f.DefaultMavenResourcesFiltering - Using platform encoding (UTF-8 actually) to copy filtered resources, i.e. build is platform dependent!
2025-12-17 11:53:03,428 [Worker-19: Building] INFO  o.a.m.s.f.DefaultMavenResourcesFiltering - skip non existing resourceDirectory C:\Users\Espinosa Delgado\Documents\JUAN\CAV\pazzioliweb\pazzioli-web-backend\auth\src\test\resources
2025-12-17 11:53:03,452 [Worker-19: Building] WARN  o.apache.maven.project.MavenProject - Direct modification of compileSourceRoots through clear() is deprecated and will not work in Maven 4.0.0. Please use the add/remove methods instead. If you're using a plugin that causes this warning, please upgrade to the latest version and report an issue if the warning persists. To disable these warnings, set -Dmaven.project.sourceRoots.warningsDisabled=true on the command line, in the .mvn/maven.config file, or in project POM properties.
2025-12-17 11:53:03,454 [Worker-19: Building] WARN  o.apache.maven.project.MavenProject - Direct modification of compileSourceRoots through add() is deprecated and will not work in Maven 4.0.0. Please use the add/remove methods instead. If you're using a plugin that causes this warning, please upgrade to the latest version and report an issue if the warning persists. To disable these warnings, set -Dmaven.project.sourceRoots.warningsDisabled=true on the command line, in the .mvn/maven.config file, or in project POM properties.
2025-12-17 11:53:03,455 [Worker-19: Building] WARN  o.apache.maven.project.MavenProject - Direct modification of testCompileSourceRoots through clear() is deprecated and will not work in Maven 4.0.0. Please use the add/remove methods instead. If you're using a plugin that causes this warning, please upgrade to the latest version and report an issue if the warning persists. To disable these warnings, set -Dmaven.project.sourceRoots.warningsDisabled=true on the command line, in the .mvn/maven.config file, or in project POM properties.
2025-12-17 11:53:03,457 [Worker-19: Building] WARN  o.apache.maven.project.MavenProject - Direct modification of testCompileSourceRoots through add() is deprecated and will not work in Maven 4.0.0. Please use the add/remove methods instead. If you're using a plugin that causes this warning, please upgrade to the latest version and report an issue if the warning persists. To disable these warnings, set -Dmaven.project.sourceRoots.warningsDisabled=true on the command line, in the .mvn/maven.config file, or in project POM properties.
2025-12-17 11:53:03,629 [Worker-19: Building] WARN  o.a.m.s.f.DefaultMavenResourcesFiltering - Using platform encoding (UTF-8 actually) to copy filtered resources, i.e. build is platform dependent!
2025-12-17 11:53:03,630 [Worker-19: Building] INFO  o.a.m.s.f.DefaultMavenResourcesFiltering - Copying 0 resource from src\main\resources to target\classes
2025-12-17 11:53:03,634 [Worker-19: Building] WARN  o.a.m.s.f.DefaultMavenResourcesFiltering - Using platform encoding (UTF-8 actually) to copy filtered resources, i.e. build is platform dependent!
2025-12-17 11:53:03,635 [Worker-19: Building] INFO  o.a.m.s.f.DefaultMavenResourcesFiltering - Copying 0 resource from src\test\resources to target\test-classes
2025-12-17 11:53:03,654 [Worker-19: Building] WARN  o.apache.maven.project.MavenProject - Direct modification of compileSourceRoots through clear() is deprecated and will not work in Maven 4.0.0. Please use the add/remove methods instead. If you're using a plugin that causes this warning, please upgrade to the latest version and report an issue if the warning persists. To disable these warnings, set -Dmaven.project.sourceRoots.warningsDisabled=true on the command line, in the .mvn/maven.config file, or in project POM properties.
2025-12-17 11:53:03,655 [Worker-19: Building] WARN  o.apache.maven.project.MavenProject - Direct modification of compileSourceRoots through add() is deprecated and will not work in Maven 4.0.0. Please use the add/remove methods instead. If you're using a plugin that causes this warning, please upgrade to the latest version and report an issue if the warning persists. To disable these warnings, set -Dmaven.project.sourceRoots.warningsDisabled=true on the command line, in the .mvn/maven.config file, or in project POM properties.
2025-12-17 11:53:03,656 [Worker-19: Building] WARN  o.apache.maven.project.MavenProject - Direct modification of testCompileSourceRoots through clear() is deprecated and will not work in Maven 4.0.0. Please use the add/remove methods instead. If you're using a plugin that causes this warning, please upgrade to the latest version and report an issue if the warning persists. To disable these warnings, set -Dmaven.project.sourceRoots.warningsDisabled=true on the command line, in the .mvn/maven.config file, or in project POM properties.
2025-12-17 11:53:03,657 [Worker-19: Building] WARN  o.apache.maven.project.MavenProject - Direct modification of testCompileSourceRoots through add() is deprecated and will not work in Maven 4.0.0. Please use the add/remove methods instead. If you're using a plugin that causes this warning, please upgrade to the latest version and report an issue if the warning persists. To disable these warnings, set -Dmaven.project.sourceRoots.warningsDisabled=true on the command line, in the .mvn/maven.config file, or in project POM properties.
2025-12-17 11:53:03,913 [Worker-19: Building] WARN  o.a.m.s.f.DefaultMavenResourcesFiltering - Using platform encoding (UTF-8 actually) to copy filtered resources, i.e. build is platform dependent!
2025-12-17 11:53:03,914 [Worker-19: Building] INFO  o.a.m.s.f.DefaultMavenResourcesFiltering - skip non existing resourceDirectory C:\Users\Espinosa Delgado\Documents\JUAN\CAV\pazzioliweb\pazzioli-web-backend\empresas\src\main\resources
2025-12-17 11:53:03,916 [Worker-19: Building] WARN  o.a.m.s.f.DefaultMavenResourcesFiltering - Using platform encoding (UTF-8 actually) to copy filtered resources, i.e. build is platform dependent!
2025-12-17 11:53:03,918 [Worker-19: Building] INFO  o.a.m.s.f.DefaultMavenResourcesFiltering - skip non existing resourceDirectory C:\Users\Espinosa Delgado\Documents\JUAN\CAV\pazzioliweb\pazzioli-web-backend\empresas\src\test\resources
2025-12-17 11:53:03,936 [Worker-19: Building] WARN  o.apache.maven.project.MavenProject - Direct modification of compileSourceRoots through clear() is deprecated and will not work in Maven 4.0.0. Please use the add/remove methods instead. If you're using a plugin that causes this warning, please upgrade to the latest version and report an issue if the warning persists. To disable these warnings, set -Dmaven.project.sourceRoots.warningsDisabled=true on the command line, in the .mvn/maven.config file, or in project POM properties.
2025-12-17 11:53:03,937 [Worker-19: Building] WARN  o.apache.maven.project.MavenProject - Direct modification of compileSourceRoots through add() is deprecated and will not work in Maven 4.0.0. Please use the add/remove methods instead. If you're using a plugin that causes this warning, please upgrade to the latest version and report an issue if the warning persists. To disable these warnings, set -Dmaven.project.sourceRoots.warningsDisabled=true on the command line, in the .mvn/maven.config file, or in project POM properties.
2025-12-17 11:53:03,938 [Worker-19: Building] WARN  o.apache.maven.project.MavenProject - Direct modification of testCompileSourceRoots through clear() is deprecated and will not work in Maven 4.0.0. Please use the add/remove methods instead. If you're using a plugin that causes this warning, please upgrade to the latest version and report an issue if the warning persists. To disable these warnings, set -Dmaven.project.sourceRoots.warningsDisabled=true on the command line, in the .mvn/maven.config file, or in project POM properties.
2025-12-17 11:53:03,939 [Worker-19: Building] WARN  o.apache.maven.project.MavenProject - Direct modification of testCompileSourceRoots through add() is deprecated and will not work in Maven 4.0.0. Please use the add/remove methods instead. If you're using a plugin that causes this warning, please upgrade to the latest version and report an issue if the warning persists. To disable these warnings, set -Dmaven.project.sourceRoots.warningsDisabled=true on the command line, in the .mvn/maven.config file, or in project POM properties.
2025-12-17 11:53:04,123 [Worker-19: Building] WARN  o.a.m.s.f.DefaultMavenResourcesFiltering - Using platform encoding (UTF-8 actually) to copy filtered resources, i.e. build is platform dependent!
2025-12-17 11:53:04,125 [Worker-19: Building] INFO  o.a.m.s.f.DefaultMavenResourcesFiltering - Copying 0 resource from src\main\resources to target\classes
2025-12-17 11:53:04,127 [Worker-19: Building] WARN  o.a.m.s.f.DefaultMavenResourcesFiltering - Using platform encoding (UTF-8 actually) to copy filtered resources, i.e. build is platform dependent!
2025-12-17 11:53:04,129 [Worker-19: Building] INFO  o.a.m.s.f.DefaultMavenResourcesFiltering - Copying 0 resource from src\test\resources to target\test-classes
2025-12-17 11:53:04,149 [Worker-19: Building] WARN  o.apache.maven.project.MavenProject - Direct modification of compileSourceRoots through clear() is deprecated and will not work in Maven 4.0.0. Please use the add/remove methods instead. If you're using a plugin that causes this warning, please upgrade to the latest version and report an issue if the warning persists. To disable these warnings, set -Dmaven.project.sourceRoots.warningsDisabled=true on the command line, in the .mvn/maven.config file, or in project POM properties.
2025-12-17 11:53:04,150 [Worker-19: Building] WARN  o.apache.maven.project.MavenProject - Direct modification of compileSourceRoots through add() is deprecated and will not work in Maven 4.0.0. Please use the add/remove methods instead. If you're using a plugin that causes this warning, please upgrade to the latest version and report an issue if the warning persists. To disable these warnings, set -Dmaven.project.sourceRoots.warningsDisabled=true on the command line, in the .mvn/maven.config file, or in project POM properties.
2025-12-17 11:53:04,151 [Worker-19: Building] WARN  o.apache.maven.project.MavenProject - Direct modification of testCompileSourceRoots through clear() is deprecated and will not work in Maven 4.0.0. Please use the add/remove methods instead. If you're using a plugin that causes this warning, please upgrade to the latest version and report an issue if the warning persists. To disable these warnings, set -Dmaven.project.sourceRoots.warningsDisabled=true on the command line, in the .mvn/maven.config file, or in project POM properties.
2025-12-17 11:53:04,152 [Worker-19: Building] WARN  o.apache.maven.project.MavenProject - Direct modification of testCompileSourceRoots through add() is deprecated and will not work in Maven 4.0.0. Please use the add/remove methods instead. If you're using a plugin that causes this warning, please upgrade to the latest version and report an issue if the warning persists. To disable these warnings, set -Dmaven.project.sourceRoots.warningsDisabled=true on the command line, in the .mvn/maven.config file, or in project POM properties.
2025-12-17 11:53:04,442 [Worker-19: Building] WARN  o.a.m.s.f.DefaultMavenResourcesFiltering - Using platform encoding (UTF-8 actually) to copy filtered resources, i.e. build is platform dependent!
2025-12-17 11:53:04,444 [Worker-19: Building] INFO  o.a.m.s.f.DefaultMavenResourcesFiltering - Copying 0 resource from src\main\resources to target\classes
2025-12-17 11:53:04,446 [Worker-19: Building] WARN  o.a.m.s.f.DefaultMavenResourcesFiltering - Using platform encoding (UTF-8 actually) to copy filtered resources, i.e. build is platform dependent!
2025-12-17 11:53:04,447 [Worker-19: Building] INFO  o.a.m.s.f.DefaultMavenResourcesFiltering - Copying 0 resource from src\test\resources to target\test-classes
2025-12-17 11:53:04,467 [Worker-19: Building] WARN  o.apache.maven.project.MavenProject - Direct modification of compileSourceRoots through clear() is deprecated and will not work in Maven 4.0.0. Please use the add/remove methods instead. If you're using a plugin that causes this warning, please upgrade to the latest version and report an issue if the warning persists. To disable these warnings, set -Dmaven.project.sourceRoots.warningsDisabled=true on the command line, in the .mvn/maven.config file, or in project POM properties.
2025-12-17 11:53:04,468 [Worker-19: Building] WARN  o.apache.maven.project.MavenProject - Direct modification of compileSourceRoots through add() is deprecated and will not work in Maven 4.0.0. Please use the add/remove methods instead. If you're using a plugin that causes this warning, please upgrade to the latest version and report an issue if the warning persists. To disable these warnings, set -Dmaven.project.sourceRoots.warningsDisabled=true on the command line, in the .mvn/maven.config file, or in project POM properties.
2025-12-17 11:53:04,468 [Worker-19: Building] WARN  o.apache.maven.project.MavenProject - Direct modification of testCompileSourceRoots through clear() is deprecated and will not work in Maven 4.0.0. Please use the add/remove methods instead. If you're using a plugin that causes this warning, please upgrade to the latest version and report an issue if the warning persists. To disable these warnings, set -Dmaven.project.sourceRoots.warningsDisabled=true on the command line, in the .mvn/maven.config file, or in project POM properties.
2025-12-17 11:53:04,469 [Worker-19: Building] WARN  o.apache.maven.project.MavenProject - Direct modification of testCompileSourceRoots through add() is deprecated and will not work in Maven 4.0.0. Please use the add/remove methods instead. If you're using a plugin that causes this warning, please upgrade to the latest version and report an issue if the warning persists. To disable these warnings, set -Dmaven.project.sourceRoots.warningsDisabled=true on the command line, in the .mvn/maven.config file, or in project POM properties.
2025-12-17 11:53:06,029 [Worker-14: Building] WARN  o.a.m.s.f.DefaultMavenResourcesFiltering - Using platform encoding (UTF-8 actually) to copy filtered resources, i.e. build is platform dependent!
2025-12-17 11:53:06,031 [Worker-14: Building] INFO  o.a.m.s.f.DefaultMavenResourcesFiltering - skip non existing resourceDirectory C:\Users\Espinosa Delgado\Documents\JUAN\CAV\pazzioliweb\pazzioli-web-backend\productosmodule\src\main\resources
2025-12-17 11:53:06,035 [Worker-14: Building] WARN  o.a.m.s.f.DefaultMavenResourcesFiltering - Using platform encoding (UTF-8 actually) to copy filtered resources, i.e. build is platform dependent!
2025-12-17 11:53:06,036 [Worker-14: Building] INFO  o.a.m.s.f.DefaultMavenResourcesFiltering - skip non existing resourceDirectory C:\Users\Espinosa Delgado\Documents\JUAN\CAV\pazzioliweb\pazzioli-web-backend\productosmodule\src\test\resources
2025-12-17 11:53:06,055 [Worker-14: Building] WARN  o.apache.maven.project.MavenProject - Direct modification of compileSourceRoots through clear() is deprecated and will not work in Maven 4.0.0. Please use the add/remove methods instead. If you're using a plugin that causes this warning, please upgrade to the latest version and report an issue if the warning persists. To disable these warnings, set -Dmaven.project.sourceRoots.warningsDisabled=true on the command line, in the .mvn/maven.config file, or in project POM properties.
2025-12-17 11:53:06,056 [Worker-14: Building] WARN  o.apache.maven.project.MavenProject - Direct modification of compileSourceRoots through add() is deprecated and will not work in Maven 4.0.0. Please use the add/remove methods instead. If you're using a plugin that causes this warning, please upgrade to the latest version and report an issue if the warning persists. To disable these warnings, set -Dmaven.project.sourceRoots.warningsDisabled=true on the command line, in the .mvn/maven.config file, or in project POM properties.
2025-12-17 11:53:06,056 [Worker-14: Building] WARN  o.apache.maven.project.MavenProject - Direct modification of testCompileSourceRoots through clear() is deprecated and will not work in Maven 4.0.0. Please use the add/remove methods instead. If you're using a plugin that causes this warning, please upgrade to the latest version and report an issue if the warning persists. To disable these warnings, set -Dmaven.project.sourceRoots.warningsDisabled=true on the command line, in the .mvn/maven.config file, or in project POM properties.
2025-12-17 11:53:06,057 [Worker-14: Building] WARN  o.apache.maven.project.MavenProject - Direct modification of testCompileSourceRoots through add() is deprecated and will not work in Maven 4.0.0. Please use the add/remove methods instead. If you're using a plugin that causes this warning, please upgrade to the latest version and report an issue if the warning persists. To disable these warnings, set -Dmaven.project.sourceRoots.warningsDisabled=true on the command line, in the .mvn/maven.config file, or in project POM properties.
2025-12-17 11:53:06,380 [Worker-14: Building] WARN  o.a.m.s.f.DefaultMavenResourcesFiltering - Using platform encoding (UTF-8 actually) to copy filtered resources, i.e. build is platform dependent!
2025-12-17 11:53:06,382 [Worker-14: Building] INFO  o.a.m.s.f.DefaultMavenResourcesFiltering - Copying 0 resource from src\main\resources to target\classes
2025-12-17 11:53:06,385 [Worker-14: Building] WARN  o.a.m.s.f.DefaultMavenResourcesFiltering - Using platform encoding (UTF-8 actually) to copy filtered resources, i.e. build is platform dependent!
2025-12-17 11:53:06,387 [Worker-14: Building] INFO  o.a.m.s.f.DefaultMavenResourcesFiltering - Copying 0 resource from src\test\resources to target\test-classes
2025-12-17 11:53:06,406 [Worker-14: Building] WARN  o.apache.maven.project.MavenProject - Direct modification of compileSourceRoots through clear() is deprecated and will not work in Maven 4.0.0. Please use the add/remove methods instead. If you're using a plugin that causes this warning, please upgrade to the latest version and report an issue if the warning persists. To disable these warnings, set -Dmaven.project.sourceRoots.warningsDisabled=true on the command line, in the .mvn/maven.config file, or in project POM properties.
2025-12-17 11:53:06,407 [Worker-14: Building] WARN  o.apache.maven.project.MavenProject - Direct modification of compileSourceRoots through add() is deprecated and will not work in Maven 4.0.0. Please use the add/remove methods instead. If you're using a plugin that causes this warning, please upgrade to the latest version and report an issue if the warning persists. To disable these warnings, set -Dmaven.project.sourceRoots.warningsDisabled=true on the command line, in the .mvn/maven.config file, or in project POM properties.
2025-12-17 11:53:06,409 [Worker-14: Building] WARN  o.apache.maven.project.MavenProject - Direct modification of testCompileSourceRoots through clear() is deprecated and will not work in Maven 4.0.0. Please use the add/remove methods instead. If you're using a plugin that causes this warning, please upgrade to the latest version and report an issue if the warning persists. To disable these warnings, set -Dmaven.project.sourceRoots.warningsDisabled=true on the command line, in the .mvn/maven.config file, or in project POM properties.
2025-12-17 11:53:06,409 [Worker-14: Building] WARN  o.apache.maven.project.MavenProject - Direct modification of testCompileSourceRoots through add() is deprecated and will not work in Maven 4.0.0. Please use the add/remove methods instead. If you're using a plugin that causes this warning, please upgrade to the latest version and report an issue if the warning persists. To disable these warnings, set -Dmaven.project.sourceRoots.warningsDisabled=true on the command line, in the .mvn/maven.config file, or in project POM properties.
2025-12-17 11:53:06,611 [Worker-14: Building] WARN  o.a.m.s.f.DefaultMavenResourcesFiltering - Using platform encoding (UTF-8 actually) to copy filtered resources, i.e. build is platform dependent!
2025-12-17 11:53:06,612 [Worker-14: Building] INFO  o.a.m.s.f.DefaultMavenResourcesFiltering - skip non existing resourceDirectory C:\Users\Espinosa Delgado\Documents\JUAN\CAV\pazzioliweb\pazzioli-web-backend\usuarios\src\main\resources
2025-12-17 11:53:06,615 [Worker-14: Building] WARN  o.a.m.s.f.DefaultMavenResourcesFiltering - Using platform encoding (UTF-8 actually) to copy filtered resources, i.e. build is platform dependent!
2025-12-17 11:53:06,617 [Worker-14: Building] INFO  o.a.m.s.f.DefaultMavenResourcesFiltering - skip non existing resourceDirectory C:\Users\Espinosa Delgado\Documents\JUAN\CAV\pazzioliweb\pazzioli-web-backend\usuarios\src\test\resources
2025-12-17 11:53:06,633 [Worker-14: Building] WARN  o.apache.maven.project.MavenProject - Direct modification of compileSourceRoots through clear() is deprecated and will not work in Maven 4.0.0. Please use the add/remove methods instead. If you're using a plugin that causes this warning, please upgrade to the latest version and report an issue if the warning persists. To disable these warnings, set -Dmaven.project.sourceRoots.warningsDisabled=true on the command line, in the .mvn/maven.config file, or in project POM properties.
2025-12-17 11:53:06,634 [Worker-14: Building] WARN  o.apache.maven.project.MavenProject - Direct modification of compileSourceRoots through add() is deprecated and will not work in Maven 4.0.0. Please use the add/remove methods instead. If you're using a plugin that causes this warning, please upgrade to the latest version and report an issue if the warning persists. To disable these warnings, set -Dmaven.project.sourceRoots.warningsDisabled=true on the command line, in the .mvn/maven.config file, or in project POM properties.
2025-12-17 11:53:06,636 [Worker-14: Building] WARN  o.apache.maven.project.MavenProject - Direct modification of testCompileSourceRoots through clear() is deprecated and will not work in Maven 4.0.0. Please use the add/remove methods instead. If you're using a plugin that causes this warning, please upgrade to the latest version and report an issue if the warning persists. To disable these warnings, set -Dmaven.project.sourceRoots.warningsDisabled=true on the command line, in the .mvn/maven.config file, or in project POM properties.
2025-12-17 11:53:06,637 [Worker-14: Building] WARN  o.apache.maven.project.MavenProject - Direct modification of testCompileSourceRoots through add() is deprecated and will not work in Maven 4.0.0. Please use the add/remove methods instead. If you're using a plugin that causes this warning, please upgrade to the latest version and report an issue if the warning persists. To disable these warnings, set -Dmaven.project.sourceRoots.warningsDisabled=true on the command line, in the .mvn/maven.config file, or in project POM properties.
2025-12-17 11:53:06,948 [Worker-14: Building] INFO  o.e.m.c.i.l.LifecycleMappingFactory - Using org.eclipse.m2e.jdt.JarLifecycleMapping lifecycle mapping for MavenProject: com.pazzioliweb:vendedoresmodule:1.0-SNAPSHOT @ C:\Users\Espinosa Delgado\Documents\JUAN\CAV\pazzioliweb\pazzioli-web-backend\vendedoresmodule\pom.xml.
2025-12-17 11:53:07,618 [Worker-14: Building] INFO  o.e.m.c.i.l.LifecycleMappingFactory - Using org.eclipse.m2e.jdt.JarLifecycleMapping lifecycle mapping for MavenProject: com.pazzioliweb:web:1.0-SNAPSHOT @ C:\Users\Espinosa Delgado\Documents\JUAN\CAV\pazzioliweb\pazzioli-web-backend\web\pom.xml.
2025-12-17 11:53:07,716 [Worker-14: Building] INFO  o.e.m.c.i.p.WorkspaceClassifierResolverManager - Resolving P/auth: com.pazzioliweb:auth:1.0-SNAPSHOT with classifier  to /auth/target/classes
2025-12-17 11:53:07,720 [Worker-14: Building] INFO  o.e.m.c.i.p.WorkspaceClassifierResolverManager - Resolving P/usuarios: com.pazzioliweb:usuarios:1.0-SNAPSHOT with classifier  to /usuarios/target/classes
2025-12-17 11:53:07,720 [Worker-14: Building] INFO  o.e.m.c.i.p.WorkspaceClassifierResolverManager - Resolving P/common: com.pazzioliweb:common:1.0-SNAPSHOT with classifier  to /common/target/classes
2025-12-17 11:53:07,729 [Worker-14: Building] INFO  o.e.m.c.i.p.WorkspaceClassifierResolverManager - Resolving P/productosmodule: com.pazzioliweb:productosmodule:1.0-SNAPSHOT with classifier  to /productosmodule/target/classes
2025-12-17 11:53:07,729 [Worker-14: Building] INFO  o.e.m.c.i.p.WorkspaceClassifierResolverManager - Resolving P/empresas: com.pazzioliweb:empresas:1.0-SNAPSHOT with classifier  to /empresas/target/classes
2025-12-17 11:53:07,729 [Worker-14: Building] INFO  o.e.m.c.i.p.WorkspaceClassifierResolverManager - Resolving P/facturacionmodule: com.pazzioliweb:facturacionmodule:1.0-SNAPSHOT with classifier  to /facturacionmodule/target/classes
2025-12-17 11:53:07,729 [Worker-14: Building] INFO  o.e.m.c.i.p.WorkspaceClassifierResolverManager - Resolving P/tercerosmodule: com.pazzioliweb:tercerosmodule:1.0-SNAPSHOT with classifier  to /tercerosmodule/target/classes
2025-12-17 11:53:07,729 [Worker-14: Building] INFO  o.e.m.c.i.p.WorkspaceClassifierResolverManager - Resolving P/comprobantesmodule: com.pazzioliweb:comprobantesmodule:1.0-SNAPSHOT with classifier  to /comprobantesmodule/target/classes
2025-12-17 11:53:07,730 [Worker-14: Building] INFO  o.e.m.c.i.p.WorkspaceClassifierResolverManager - Resolving P/cajasmodule: com.pazzioliweb:cajasmodule:1.0-SNAPSHOT with classifier  to /cajasmodule/target/classes
2025-12-17 11:53:07,730 [Worker-14: Building] INFO  o.e.m.c.i.p.WorkspaceClassifierResolverManager - Resolving P/vendedoresmodule: com.pazzioliweb:vendedoresmodule:1.0-SNAPSHOT with classifier  to /vendedoresmodule/target/classes
2025-12-17 11:53:07,730 [Worker-14: Building] INFO  o.e.m.c.i.p.WorkspaceClassifierResolverManager - Resolving P/metodospagomodule: com.pazzioliweb:metodospagomodule:1.0-SNAPSHOT with classifier  to /metodospagomodule/target/classes
2025-12-17 11:53:08,031 [Worker-14: Building] WARN  o.a.m.s.f.DefaultMavenResourcesFiltering - Using platform encoding (UTF-8 actually) to copy filtered resources, i.e. build is platform dependent!
2025-12-17 11:53:08,032 [Worker-14: Building] INFO  o.a.m.s.f.DefaultMavenResourcesFiltering - Copying 0 resource from src\main\resources to target\classes
2025-12-17 11:53:08,034 [Worker-14: Building] WARN  o.a.m.s.f.DefaultMavenResourcesFiltering - Using platform encoding (UTF-8 actually) to copy filtered resources, i.e. build is platform dependent!
2025-12-17 11:53:08,035 [Worker-14: Building] INFO  o.a.m.s.f.DefaultMavenResourcesFiltering - Copying 0 resource from src\test\resources to target\test-classes
2025-12-17 11:53:08,048 [Worker-14: Building] WARN  o.apache.maven.project.MavenProject - Direct modification of compileSourceRoots through clear() is deprecated and will not work in Maven 4.0.0. Please use the add/remove methods instead. If you're using a plugin that causes this warning, please upgrade to the latest version and report an issue if the warning persists. To disable these warnings, set -Dmaven.project.sourceRoots.warningsDisabled=true on the command line, in the .mvn/maven.config file, or in project POM properties.
2025-12-17 11:53:08,048 [Worker-14: Building] WARN  o.apache.maven.project.MavenProject - Direct modification of compileSourceRoots through add() is deprecated and will not work in Maven 4.0.0. Please use the add/remove methods instead. If you're using a plugin that causes this warning, please upgrade to the latest version and report an issue if the warning persists. To disable these warnings, set -Dmaven.project.sourceRoots.warningsDisabled=true on the command line, in the .mvn/maven.config file, or in project POM properties.
2025-12-17 11:53:08,049 [Worker-14: Building] WARN  o.apache.maven.project.MavenProject - Direct modification of testCompileSourceRoots through clear() is deprecated and will not work in Maven 4.0.0. Please use the add/remove methods instead. If you're using a plugin that causes this warning, please upgrade to the latest version and report an issue if the warning persists. To disable these warnings, set -Dmaven.project.sourceRoots.warningsDisabled=true on the command line, in the .mvn/maven.config file, or in project POM properties.
2025-12-17 11:53:08,050 [Worker-14: Building] WARN  o.apache.maven.project.MavenProject - Direct modification of testCompileSourceRoots through add() is deprecated and will not work in Maven 4.0.0. Please use the add/remove methods instead. If you're using a plugin that causes this warning, please upgrade to the latest version and report an issue if the warning persists. To disable these warnings, set -Dmaven.project.sourceRoots.warningsDisabled=true on the command line, in the .mvn/maven.config file, or in project POM properties.
2025-12-17 11:53:09,936 [Worker-0: Building] WARN  o.a.m.s.f.DefaultMavenResourcesFiltering - Using platform encoding (UTF-8 actually) to copy filtered resources, i.e. build is platform dependent!
2025-12-17 11:53:09,938 [Worker-0: Building] INFO  o.a.m.s.f.DefaultMavenResourcesFiltering - Copying 0 resource from src\main\resources to target\classes
2025-12-17 11:53:09,941 [Worker-0: Building] WARN  o.a.m.s.f.DefaultMavenResourcesFiltering - Using platform encoding (UTF-8 actually) to copy filtered resources, i.e. build is platform dependent!
2025-12-17 11:53:09,943 [Worker-0: Building] INFO  o.a.m.s.f.DefaultMavenResourcesFiltering - Copying 0 resource from src\test\resources to target\test-classes
2025-12-17 11:53:09,960 [Worker-0: Building] WARN  o.apache.maven.project.MavenProject - Direct modification of compileSourceRoots through clear() is deprecated and will not work in Maven 4.0.0. Please use the add/remove methods instead. If you're using a plugin that causes this warning, please upgrade to the latest version and report an issue if the warning persists. To disable these warnings, set -Dmaven.project.sourceRoots.warningsDisabled=true on the command line, in the .mvn/maven.config file, or in project POM properties.
2025-12-17 11:53:09,961 [Worker-0: Building] WARN  o.apache.maven.project.MavenProject - Direct modification of compileSourceRoots through add() is deprecated and will not work in Maven 4.0.0. Please use the add/remove methods instead. If you're using a plugin that causes this warning, please upgrade to the latest version and report an issue if the warning persists. To disable these warnings, set -Dmaven.project.sourceRoots.warningsDisabled=true on the command line, in the .mvn/maven.config file, or in project POM properties.
2025-12-17 11:53:09,962 [Worker-0: Building] WARN  o.apache.maven.project.MavenProject - Direct modification of testCompileSourceRoots through clear() is deprecated and will not work in Maven 4.0.0. Please use the add/remove methods instead. If you're using a plugin that causes this warning, please upgrade to the latest version and report an issue if the warning persists. To disable these warnings, set -Dmaven.project.sourceRoots.warningsDisabled=true on the command line, in the .mvn/maven.config file, or in project POM properties.
2025-12-17 11:53:09,963 [Worker-0: Building] WARN  o.apache.maven.project.MavenProject - Direct modification of testCompileSourceRoots through add() is deprecated and will not work in Maven 4.0.0. Please use the add/remove methods instead. If you're using a plugin that causes this warning, please upgrade to the latest version and report an issue if the warning persists. To disable these warnings, set -Dmaven.project.sourceRoots.warningsDisabled=true on the command line, in the .mvn/maven.config file, or in project POM properties.
2025-12-17 11:53:10,192 [Worker-0: Building] WARN  o.a.m.s.f.DefaultMavenResourcesFiltering - Using platform encoding (UTF-8 actually) to copy filtered resources, i.e. build is platform dependent!
2025-12-17 11:53:10,195 [Worker-0: Building] INFO  o.a.m.s.f.DefaultMavenResourcesFiltering - Copying 4 resources from src\main\resources to target\classes
2025-12-17 11:53:10,224 [Worker-0: Building] WARN  o.a.m.s.f.DefaultMavenResourcesFiltering - Using platform encoding (UTF-8 actually) to copy filtered resources, i.e. build is platform dependent!
2025-12-17 11:53:10,226 [Worker-0: Building] INFO  o.a.m.s.f.DefaultMavenResourcesFiltering - skip non existing resourceDirectory C:\Users\Espinosa Delgado\Documents\JUAN\CAV\pazzioliweb\pazzioli-web-backend\web\src\test\resources
2025-12-17 11:53:10,257 [Worker-0: Building] WARN  o.apache.maven.project.MavenProject - Direct modification of compileSourceRoots through clear() is deprecated and will not work in Maven 4.0.0. Please use the add/remove methods instead. If you're using a plugin that causes this warning, please upgrade to the latest version and report an issue if the warning persists. To disable these warnings, set -Dmaven.project.sourceRoots.warningsDisabled=true on the command line, in the .mvn/maven.config file, or in project POM properties.
2025-12-17 11:53:10,259 [Worker-0: Building] WARN  o.apache.maven.project.MavenProject - Direct modification of compileSourceRoots through add() is deprecated and will not work in Maven 4.0.0. Please use the add/remove methods instead. If you're using a plugin that causes this warning, please upgrade to the latest version and report an issue if the warning persists. To disable these warnings, set -Dmaven.project.sourceRoots.warningsDisabled=true on the command line, in the .mvn/maven.config file, or in project POM properties.
2025-12-17 11:53:10,259 [Worker-0: Building] WARN  o.apache.maven.project.MavenProject - Direct modification of testCompileSourceRoots through clear() is deprecated and will not work in Maven 4.0.0. Please use the add/remove methods instead. If you're using a plugin that causes this warning, please upgrade to the latest version and report an issue if the warning persists. To disable these warnings, set -Dmaven.project.sourceRoots.warningsDisabled=true on the command line, in the .mvn/maven.config file, or in project POM properties.
2025-12-17 11:53:10,261 [Worker-0: Building] WARN  o.apache.maven.project.MavenProject - Direct modification of testCompileSourceRoots through add() is deprecated and will not work in Maven 4.0.0. Please use the add/remove methods instead. If you're using a plugin that causes this warning, please upgrade to the latest version and report an issue if the warning persists. To disable these warnings, set -Dmaven.project.sourceRoots.warningsDisabled=true on the command line, in the .mvn/maven.config file, or in project POM properties.
2025-12-17 12:03:28,174 [Worker-7: Loading available Gradle versions] INFO  o.e.b.c.i.u.g.PublishedGradleVersions - Gradle version information cache is up-to-date. Trying to read.
